"Q1.0K0.1","Q1.0K0.15","Q1.0K0.2","Q1.0K0.25","Q1.0K0.3","Q1.0K0.4","Q1.0K0.5","Q1.5K0.05","Q1.5K0.1","Q1.5K0.15","Q1.5K0.2","Q1.5K0.25","Q1.5K0.3","Q1.5K0.4","Q1.5K0.5","Q2.0K0.05","Q2.0K0.1","Q2.0K0.15","Q2.0K0.2","Q2.0K0.25","Q2.0K0.3","Q2.0K0.4","Q2.0K0.5","Q2.5K0.05","Q2.5K0.1","Q2.5K0.15","Q2.5K0.2","Q2.5K0.25","Q2.5K0.3","Q2.5K0.4","Q2.5K0.5","Q3.0K0.05","Q3.0K0.1","Q3.0K0.15","Q3.0K0.2","Q3.0K0.25","Q3.0K0.3","Q3.0K0.4","Q3.0K0.5","Q3.5K0.05","Q3.5K0.1","Q3.5K0.15","Q3.5K0.2","Q3.5K0.25","Q3.5K0.3","Q3.5K0.4","Q3.5K0.5","Q4.0K0.05","Q4.0K0.1","Q4.0K0.15","Q4.0K0.2","Q4.0K0.25","Q4.0K0.3","Q4.0K0.4","Q4.0K0.5"
283.903,283.903,283.903,283.903,283.903,283.903,283.903,283.903,283.903,283.903,283.903,283.903,283.903,283.903,283.903,283.903,283.903,283.903,283.903,283.903,283.903,283.903,283.903,283.903,283.903,283.903,283.903,283.903,283.903,283.903,283.903,283.903,283.903,283.903,283.903,283.903,283.903,283.903,283.903,283.903,283.903,283.903,283.903,283.903,283.903,283.903,283.903,283.903,283.903,283.903,283.903,283.903,283.903,283.903,283.903
283.911,283.911,283.911,283.911,283.911,283.911,283.911,283.91,283.911,283.91,283.911,283.909,283.911,283.91,283.91,283.912,283.911,283.911,283.911,283.91,283.911,283.911,283.911,283.911,283.911,283.911,283.911,283.91,283.911,283.911,283.91,283.911,283.911,283.911,283.912,283.911,283.911,283.911,283.912,283.911,283.911,283.911,283.911,283.91,283.91,283.912,283.911,283.911,283.911,283.91,283.911,283.911,283.91,283.911,283.911
283.919,283.919,283.92,283.919,283.921,283.919,283.92,283.92,283.92,283.921,283.922,283.917,283.92,283.92,283.917,283.921,283.922,283.922,283.92,283.918,283.919,283.92,283.921,283.919,283.919,283.921,283.919,283.92,283.92,283.92,283.917,283.919,283.919,283.922,283.921,283.918,283.92,283.921,283.921,283.923,283.918,283.92,283.92,283.92,283.918,283.923,283.918,283.92,283.918,283.919,283.92,283.921,283.917,283.921,283.922
283.932,283.93,283.931,283.927,283.929,283.929,283.929,283.931,283.93,283.928,283.936,283.927,283.931,283.931,283.926,283.932,283.936,283.93,283.931,283.927,283.928,283.929,283.934,283.929,283.926,283.932,283.927,283.932,283.929,283.929,283.924,283.931,283.928,283.935,283.931,283.926,283.93,283.931,283.93,283.935,283.929,283.93,283.931,283.932,283.927,283.936,283.923,283.931,283.927,283.931,283.933,283.932,283.926,283.933,283.931
283.942,283.942,283.946,283.936,283.938,283.938,283.94,283.946,283.941,283.939,283.947,283.937,283.944,283.944,283.939,283.946,283.951,283.94,283.944,283.94,283.94,283.939,283.95,283.941,283.933,283.943,283.936,283.947,283.94,283.938,283.932,283.943,283.937,283.948,283.941,283.933,283.938,283.942,283.936,283.947,283.941,283.942,283.944,283.948,283.936,283.952,283.934,283.941,283.938,283.942,283.948,283.942,283.939,283.943,283.939
283.957,283.954,283.961,283.946,283.949,283.946,283.951,283.959,283.951,283.952,283.959,283.947,283.956,283.956,283.956,283.958,283.964,283.953,283.958,283.955,283.953,283.951,283.968,283.955,283.945,283.957,283.947,283.963,283.952,283.948,283.944,283.954,283.95,283.96,283.953,283.943,283.949,283.958,283.939,283.96,283.956,283.953,283.96,283.967,283.947,283.966,283.947,283.953,283.954,283.954,283.964,283.95,283.952,283.958,283.946
283.971,283.966,283.976,283.956,283.962,283.956,283.965,283.972,283.964,283.965,283.969,283.959,283.968,283.967,283.975,283.969,283.98,283.966,283.973,283.97,283.967,283.966,283.985,283.97,283.962,283.976,283.96,283.978,283.967,283.963,283.96,283.969,283.962,283.971,283.968,283.957,283.96,283.975,283.947,283.973,283.969,283.964,283.975,283.988,283.961,283.98,283.964,283.969,283.972,283.969,283.98,283.962,283.963,283.973,283.953
283.986,283.981,283.991,283.972,283.978,283.965,283.981,283.985,283.977,283.979,283.983,283.977,283.981,283.978,284.002,283.982,283.997,283.982,283.989,283.985,283.982,283.982,284.002,283.986,283.985,283.993,283.977,283.995,283.986,283.984,283.978,283.983,283.977,283.984,283.982,283.971,283.971,283.993,283.963,283.99,283.988,283.981,283.985,284.006,283.976,283.995,283.984,283.987,283.988,283.985,283.997,283.977,283.976,283.987,283.965
284.004,283.997,284.006,283.99,283.993,283.975,283.999,284,283.99,283.996,284,283.999,283.995,283.986,284.034,283.996,284.015,284.003,284.003,283.998,283.997,283.997,284.016,284.002,284.008,284.011,283.993,284.011,284.004,284.003,283.997,283.999,283.996,283.996,283.993,283.989,283.983,284.014,283.98,284.008,284.006,283.997,283.997,284.025,283.993,284.008,284.003,284.006,284.004,284.003,284.015,283.99,283.989,284.003,283.983
284.021,284.014,284.022,284.008,284.01,283.987,284.017,284.016,284.007,284.013,284.021,284.02,284.012,283.994,284.064,284.015,284.033,284.022,284.019,284.01,284.015,284.015,284.029,284.022,284.028,284.03,284.011,284.027,284.02,284.025,284.021,284.018,284.02,284.008,284.004,284.007,283.995,284.033,283.998,284.022,284.031,284.019,284.011,284.043,284.014,284.019,284.022,284.024,284.026,284.023,284.035,284.003,284.006,284.022,284.006
284.038,284.029,284.038,284.026,284.027,284.005,284.036,284.032,284.025,284.035,284.042,284.041,284.028,284.007,284.092,284.037,284.047,284.041,284.037,284.024,284.033,284.033,284.045,284.038,284.048,284.048,284.03,284.043,284.037,284.043,284.051,284.041,284.043,284.023,284.018,284.03,284.01,284.051,284.019,284.037,284.055,284.04,284.029,284.062,284.035,284.033,284.046,284.04,284.047,284.045,284.057,284.019,284.025,284.045,284.038
284.052,284.045,284.055,284.042,284.047,284.029,284.057,284.052,284.043,284.054,284.065,284.061,284.043,284.027,284.121,284.06,284.063,284.061,284.06,284.042,284.053,284.054,284.068,284.055,284.062,284.065,284.047,284.064,284.054,284.063,284.086,284.063,284.065,284.04,284.038,284.052,284.027,284.074,284.042,284.058,284.077,284.058,284.05,284.083,284.055,284.047,284.069,284.06,284.068,284.071,284.079,284.037,284.045,284.067,284.067
284.07,284.062,284.073,284.061,284.068,284.057,284.077,284.073,284.062,284.073,284.084,284.084,284.06,284.054,284.143,284.084,284.078,284.076,284.082,284.062,284.068,284.077,284.092,284.07,284.076,284.087,284.067,284.087,284.071,284.085,284.114,284.084,284.088,284.059,284.057,284.075,284.049,284.099,284.06,284.077,284.094,284.078,284.07,284.102,284.079,284.065,284.086,284.081,284.091,284.095,284.098,284.057,284.067,284.091,284.096
284.088,284.082,284.093,284.084,284.088,284.089,284.099,284.094,284.084,284.094,284.104,284.107,284.078,284.081,284.16,284.108,284.097,284.092,284.111,284.087,284.083,284.103,284.121,284.089,284.098,284.109,284.089,284.111,284.094,284.108,284.137,284.107,284.108,284.081,284.079,284.102,284.071,284.121,284.08,284.101,284.11,284.099,284.091,284.121,284.103,284.086,284.105,284.103,284.112,284.117,284.113,284.08,284.094,284.119,284.122
284.109,284.101,284.115,284.111,284.111,284.121,284.123,284.115,284.104,284.116,284.125,284.133,284.096,284.106,284.173,284.128,284.117,284.111,284.137,284.11,284.099,284.126,284.149,284.109,284.128,284.131,284.105,284.131,284.118,284.13,284.152,284.128,284.128,284.103,284.101,284.126,284.091,284.141,284.111,284.124,284.132,284.124,284.116,284.142,284.128,284.108,284.122,284.126,284.13,284.138,284.133,284.105,284.119,284.145,284.147
284.135,284.119,284.138,284.138,284.135,284.154,284.153,284.136,284.127,284.141,284.146,284.155,284.117,284.13,284.183,284.149,284.135,284.133,284.162,284.135,284.117,284.149,284.173,284.129,284.161,284.155,284.129,284.15,284.145,284.154,284.159,284.149,284.149,284.124,284.123,284.155,284.113,284.162,284.142,284.148,284.155,284.147,284.14,284.164,284.152,284.136,284.132,284.152,284.153,284.163,284.154,284.127,284.144,284.165,284.173
284.159,284.142,284.163,284.167,284.157,284.188,284.182,284.159,284.15,284.163,284.164,284.178,284.139,284.155,284.186,284.168,284.156,284.16,284.182,284.158,284.137,284.172,284.195,284.148,284.197,284.181,284.156,284.169,284.171,284.178,284.163,284.176,284.176,284.147,284.146,284.183,284.142,284.181,284.176,284.174,284.177,284.17,284.169,284.189,284.176,284.17,284.134,284.178,284.181,284.191,284.178,284.152,284.167,284.183,284.2
284.187,284.172,284.187,284.19,284.18,284.217,284.21,284.182,284.176,284.187,284.186,284.202,284.162,284.179,284.193,284.194,284.177,284.186,284.207,284.183,284.16,284.199,284.215,284.173,284.229,284.208,284.184,284.19,284.196,284.2,284.169,284.202,284.204,284.171,284.173,284.213,284.172,284.205,284.212,284.201,284.205,284.195,284.199,284.219,284.203,284.201,284.138,284.205,284.21,284.215,284.202,284.181,284.19,284.197,284.226
284.212,284.199,284.211,284.212,284.202,284.245,284.236,284.204,284.204,284.212,284.212,284.226,284.189,284.204,284.202,284.221,284.2,284.215,284.231,284.21,284.186,284.232,284.235,284.2,284.253,284.231,284.209,284.215,284.22,284.222,284.178,284.229,284.231,284.195,284.199,284.245,284.201,284.232,284.243,284.229,284.232,284.22,284.232,284.251,284.234,284.23,284.15,284.236,284.239,284.242,284.227,284.212,284.214,284.209,284.251
284.238,284.23,284.236,284.236,284.223,284.269,284.26,284.226,284.232,284.24,284.24,284.249,284.217,284.23,284.219,284.251,284.223,284.242,284.254,284.233,284.217,284.271,284.258,284.231,284.274,284.256,284.238,284.239,284.246,284.248,284.195,284.261,284.258,284.218,284.225,284.277,284.231,284.261,284.273,284.258,284.259,284.245,284.262,284.284,284.266,284.26,284.173,284.266,284.267,284.269,284.255,284.239,284.243,284.225,284.277
284.265,284.259,284.261,284.263,284.247,284.292,284.285,284.252,284.259,284.267,284.272,284.273,284.246,284.256,284.239,284.279,284.252,284.274,284.275,284.259,284.249,284.309,284.278,284.264,284.293,284.281,284.264,284.262,284.273,284.275,284.214,284.288,284.285,284.245,284.251,284.309,284.261,284.291,284.306,284.286,284.285,284.275,284.295,284.312,284.297,284.288,284.205,284.297,284.292,284.302,284.285,284.268,284.273,284.249,284.301
284.293,284.287,284.288,284.287,284.273,284.312,284.309,284.279,284.285,284.297,284.304,284.297,284.273,284.283,284.262,284.307,284.281,284.306,284.296,284.284,284.279,284.346,284.298,284.296,284.32,284.307,284.294,284.285,284.303,284.304,284.237,284.318,284.315,284.274,284.277,284.337,284.289,284.321,284.334,284.312,284.308,284.304,284.325,284.343,284.326,284.316,284.248,284.329,284.319,284.329,284.316,284.298,284.308,284.279,284.332
284.322,284.315,284.319,284.315,284.302,284.332,284.341,284.306,284.313,284.326,284.335,284.322,284.299,284.314,284.286,284.335,284.312,284.337,284.322,284.31,284.31,284.377,284.317,284.329,284.341,284.334,284.325,284.312,284.33,284.337,284.261,284.349,284.346,284.309,284.304,284.365,284.313,284.347,284.363,284.341,284.336,284.332,284.357,284.376,284.358,284.346,284.297,284.363,284.345,284.357,284.347,284.329,284.344,284.314,284.368
284.353,284.343,284.348,284.345,284.333,284.354,284.374,284.333,284.344,284.358,284.368,284.351,284.325,284.343,284.311,284.364,284.342,284.367,284.349,284.336,284.343,284.404,284.343,284.361,284.372,284.364,284.358,284.339,284.361,284.373,284.295,284.381,284.377,284.342,284.339,284.392,284.34,284.375,284.396,284.374,284.366,284.36,284.39,284.409,284.392,284.379,284.346,284.398,284.379,284.391,284.38,284.365,284.382,284.352,284.409
284.384,284.374,284.379,284.373,284.366,284.379,284.406,284.361,284.374,284.387,284.403,284.381,284.356,284.374,284.335,284.393,284.375,284.398,284.378,284.367,284.376,284.424,284.373,284.393,284.404,284.395,284.39,284.373,284.393,284.41,284.332,284.413,284.405,284.376,284.379,284.422,284.373,284.404,284.423,284.406,284.401,284.389,284.427,284.437,284.422,284.414,284.394,284.434,284.414,284.424,284.417,284.403,284.415,284.397,284.449
284.413,284.404,284.407,284.402,284.399,284.401,284.436,284.393,284.406,284.417,284.436,284.412,284.384,284.408,284.363,284.421,284.408,284.429,284.409,284.402,284.415,284.442,284.403,284.428,284.44,284.434,284.419,284.406,284.429,284.446,284.377,284.446,284.435,284.413,284.417,284.453,284.409,284.433,284.46,284.44,284.438,284.424,284.464,284.468,284.454,284.445,284.444,284.468,284.453,284.459,284.457,284.444,284.447,284.446,284.491
284.442,284.434,284.437,284.431,284.432,284.425,284.468,284.427,284.438,284.447,284.469,284.446,284.414,284.438,284.398,284.451,284.443,284.458,284.441,284.438,284.449,284.459,284.435,284.464,284.475,284.469,284.454,284.444,284.466,284.48,284.423,284.483,284.466,284.448,284.459,284.484,284.445,284.463,284.494,284.473,284.472,284.459,284.5,284.5,284.485,284.478,284.497,284.502,284.492,284.496,284.497,284.486,284.482,284.492,284.534
284.468,284.466,284.468,284.46,284.466,284.45,284.499,284.463,284.469,284.477,284.502,284.481,284.451,284.467,284.434,284.484,284.479,284.492,284.476,284.475,284.485,284.474,284.47,284.501,284.511,284.505,284.488,284.486,284.502,284.517,284.473,284.522,284.501,284.485,284.499,284.514,284.482,284.498,284.524,284.508,284.506,284.497,284.531,284.534,284.513,284.511,284.543,284.535,284.532,284.53,284.54,284.532,284.522,284.536,284.567
284.502,284.499,284.501,284.493,284.503,284.47,284.528,284.498,284.5,284.512,284.534,284.52,284.489,284.499,284.474,284.519,284.518,284.528,284.513,284.509,284.523,284.49,284.507,284.536,284.545,284.545,284.525,284.528,284.534,284.556,284.514,284.565,284.537,284.526,284.542,284.542,284.519,284.537,284.547,284.544,284.541,284.54,284.561,284.568,284.539,284.548,284.588,284.57,284.567,284.567,284.577,284.576,284.561,284.577,284.599
284.535,284.537,284.535,284.526,284.54,284.489,284.551,284.535,284.534,284.549,284.563,284.555,284.527,284.536,284.513,284.558,284.551,284.565,284.551,284.545,284.563,284.508,284.541,284.572,284.583,284.58,284.56,284.574,284.567,284.593,284.551,284.604,284.57,284.565,284.581,284.571,284.556,284.578,284.581,284.581,284.579,284.581,284.588,284.605,284.564,284.585,284.633,284.607,284.603,284.604,284.618,284.618,284.601,284.618,284.63
284.573,284.578,284.572,284.563,284.577,284.513,284.582,284.575,284.573,284.59,284.595,284.591,284.566,284.575,284.556,284.597,284.591,284.602,284.591,284.582,284.603,284.53,284.576,284.606,284.618,284.615,284.598,284.62,284.599,284.632,284.593,284.641,284.612,284.611,284.621,284.603,284.597,284.62,284.62,284.62,284.617,284.625,284.624,284.645,284.596,284.626,284.686,284.649,284.638,284.65,284.66,284.659,284.645,284.659,284.664
284.61,284.621,284.605,284.597,284.616,284.545,284.615,284.615,284.613,284.627,284.629,284.626,284.603,284.615,284.597,284.634,284.634,284.638,284.629,284.622,284.644,284.55,284.615,284.641,284.659,284.652,284.638,284.663,284.633,284.669,284.639,284.68,284.653,284.655,284.659,284.639,284.638,284.659,284.666,284.661,284.659,284.664,284.66,284.685,284.636,284.668,284.736,284.693,284.68,284.695,284.7,284.701,284.687,284.705,284.703
284.655,284.66,284.639,284.634,284.655,284.58,284.652,284.654,284.656,284.669,284.667,284.664,284.643,284.658,284.634,284.67,284.671,284.674,284.669,284.662,284.682,284.571,284.656,284.675,284.697,284.691,284.681,284.705,284.667,284.706,284.685,284.72,284.7,284.706,284.702,284.68,284.68,284.697,284.715,284.698,284.702,284.703,284.702,284.724,284.683,284.714,284.783,284.737,284.719,284.743,284.742,284.742,284.729,284.752,284.745
284.696,284.699,284.675,284.67,284.7,284.626,284.694,284.694,284.698,284.71,284.704,284.705,284.685,284.698,284.671,284.709,284.713,284.715,284.712,284.706,284.719,284.601,284.697,284.715,284.736,284.731,284.724,284.749,284.711,284.742,284.739,284.764,284.748,284.753,284.746,284.726,284.724,284.739,284.761,284.74,284.747,284.744,284.745,284.766,284.731,284.76,284.823,284.781,284.765,284.788,284.786,284.784,284.776,284.801,284.789
284.738,284.738,284.719,284.709,284.743,284.674,284.74,284.736,284.74,284.751,284.742,284.749,284.732,284.742,284.712,284.751,284.758,284.757,284.755,284.751,284.755,284.638,284.741,284.759,284.775,284.774,284.766,284.79,284.754,284.779,284.793,284.807,284.797,284.799,284.795,284.77,284.767,284.782,284.8,284.785,284.792,284.788,284.8,284.81,284.779,284.804,284.86,284.824,284.813,284.831,284.83,284.829,284.824,284.845,284.831
284.781,284.781,284.762,284.748,284.784,284.726,284.786,284.778,284.783,284.789,284.782,284.792,284.776,284.786,284.757,284.792,284.805,284.798,284.801,284.801,284.79,284.683,284.786,284.802,284.818,284.815,284.81,284.832,284.796,284.815,284.851,284.851,284.842,284.843,284.842,284.816,284.809,284.826,284.833,284.831,284.838,284.831,284.852,284.854,284.826,284.855,284.896,284.867,284.859,284.874,284.875,284.874,284.873,284.889,284.864
284.824,284.822,284.807,284.792,284.824,284.782,284.83,284.823,284.83,284.829,284.823,284.833,284.821,284.832,284.808,284.835,284.851,284.841,284.846,284.85,284.827,284.738,284.829,284.845,284.86,284.858,284.857,284.872,284.843,284.854,284.907,284.897,284.887,284.888,284.889,284.865,284.852,284.874,284.864,284.883,284.884,284.879,284.907,284.901,284.875,284.907,284.934,284.911,284.906,284.92,284.921,284.919,284.919,284.93,284.91
284.867,284.864,284.851,284.837,284.864,284.838,284.875,284.864,284.874,284.869,284.866,284.875,284.865,284.876,284.855,284.878,284.902,284.881,284.889,284.898,284.87,284.798,284.868,284.892,284.905,284.901,284.906,284.916,284.893,284.894,284.969,284.944,284.934,284.939,284.933,284.91,284.901,284.918,284.897,284.935,284.933,284.925,284.955,284.949,284.921,284.959,284.972,284.955,284.954,284.965,284.966,284.963,284.972,284.969,284.96
284.91,284.908,284.895,284.883,284.909,284.896,284.92,284.905,284.914,284.911,284.91,284.914,284.91,284.918,284.898,284.923,284.948,284.92,284.934,284.943,284.914,284.863,284.908,284.941,284.95,284.949,284.953,284.96,284.94,284.935,285.025,284.991,284.984,284.984,284.978,284.958,284.955,284.963,284.925,284.987,284.984,284.975,285.005,284.996,284.969,285.011,285.01,285.001,285.005,285.013,285.011,285.006,285.022,285.011,285.009
284.951,284.952,284.939,284.929,284.954,284.95,284.967,284.947,284.959,284.955,284.956,284.957,284.959,284.96,284.939,284.97,284.992,284.962,284.98,284.989,284.96,284.93,284.948,284.985,284.995,284.993,285.002,285.003,284.989,284.979,285.083,285.038,285.031,285.026,285.024,285.004,285.014,285.015,284.955,285.037,285.036,285.019,285.058,285.043,285.014,285.063,285.049,285.047,285.057,285.065,285.063,285.056,285.076,285.055,285.061
284.997,285.002,284.987,284.977,285.002,285.005,285.016,284.994,285.004,285.002,285.001,285.005,285.009,285,284.982,285.018,285.038,285.008,285.025,285.033,285.006,284.997,284.994,285.029,285.038,285.039,285.051,285.045,285.04,285.029,285.142,285.089,285.079,285.077,285.072,285.055,285.072,285.069,284.989,285.092,285.088,285.066,285.111,285.09,285.058,285.115,285.088,285.098,285.109,285.118,285.109,285.11,285.126,285.102,285.12
285.045,285.053,285.034,285.023,285.047,285.057,285.063,285.039,285.049,285.045,285.048,285.045,285.055,285.046,285.027,285.063,285.084,285.055,285.071,285.081,285.051,285.063,285.046,285.076,285.084,285.085,285.104,285.096,285.091,285.078,285.2,285.14,285.128,285.128,285.119,285.111,285.125,285.123,285.025,285.143,285.139,285.114,285.159,285.135,285.101,285.161,285.119,285.153,285.16,285.174,285.162,285.168,285.178,285.151,285.179
285.093,285.106,285.083,285.069,285.093,285.11,285.115,285.089,285.093,285.091,285.096,285.092,285.104,285.092,285.071,285.109,285.133,285.104,285.119,285.131,285.101,285.127,285.093,285.127,285.13,285.138,285.16,285.148,285.144,285.132,285.25,285.194,285.178,285.178,285.169,285.168,285.18,285.171,285.071,285.198,285.196,285.164,285.219,285.183,285.157,285.209,285.151,285.209,285.215,285.226,285.215,285.227,285.229,285.205,285.231
285.139,285.157,285.134,285.118,285.143,285.159,285.169,285.137,285.137,285.136,285.147,285.141,285.152,285.134,285.115,285.159,285.181,285.154,285.168,285.182,285.153,285.19,285.136,285.178,285.184,285.189,285.212,285.194,285.196,285.187,285.296,285.249,285.231,285.232,285.222,285.223,285.232,285.215,285.122,285.256,285.244,285.215,285.276,285.235,285.212,285.259,285.186,285.264,285.27,285.282,285.273,285.289,285.284,285.261,285.28
285.191,285.212,285.187,285.17,285.193,285.212,285.22,285.188,285.185,285.186,285.199,285.191,285.201,285.175,285.168,285.208,285.23,285.206,285.221,285.234,285.207,285.25,285.179,285.228,285.236,285.245,285.264,285.243,285.247,285.243,285.333,285.303,285.29,285.291,285.281,285.279,285.286,285.255,285.179,285.311,285.285,285.275,285.335,285.289,285.275,285.315,285.227,285.322,285.328,285.341,285.331,285.346,285.338,285.32,285.338
285.242,285.266,285.24,285.221,285.244,285.262,285.275,285.242,285.238,285.237,285.253,285.242,285.248,285.221,285.22,285.264,285.282,285.259,285.27,285.287,285.259,285.309,285.228,285.281,285.294,285.303,285.321,285.295,285.3,285.298,285.363,285.357,285.352,285.349,285.333,285.329,285.341,285.294,285.245,285.37,285.339,285.337,285.388,285.341,285.339,285.375,285.266,285.38,285.386,285.402,285.392,285.408,285.397,285.377,285.394
285.293,285.319,285.292,285.276,285.295,285.311,285.325,285.297,285.292,285.291,285.307,285.296,285.297,285.27,285.271,285.319,285.334,285.316,285.323,285.341,285.312,285.367,285.28,285.336,285.353,285.359,285.382,285.346,285.355,285.355,285.396,285.411,285.414,285.407,285.386,285.381,285.394,285.327,285.309,285.431,285.394,285.4,285.445,285.396,285.4,285.437,285.309,285.439,285.448,285.462,285.449,285.471,285.457,285.436,285.453
285.348,285.372,285.347,285.329,285.347,285.361,285.372,285.352,285.347,285.346,285.362,285.351,285.347,285.318,285.328,285.375,285.391,285.368,285.376,285.394,285.363,285.423,285.336,285.391,285.413,285.415,285.44,285.397,285.411,285.413,285.433,285.468,285.476,285.468,285.438,285.435,285.447,285.366,285.373,285.487,285.459,285.458,285.504,285.45,285.463,285.501,285.356,285.498,285.51,285.524,285.507,285.539,285.518,285.498,285.517
285.404,285.425,285.401,285.382,285.4,285.409,285.419,285.408,285.406,285.401,285.415,285.409,285.402,285.365,285.385,285.43,285.449,285.425,285.432,285.446,285.421,285.481,285.396,285.444,285.471,285.477,285.498,285.449,285.472,285.477,285.467,285.523,285.541,285.528,285.493,285.492,285.505,285.403,285.438,285.547,285.522,285.517,285.565,285.51,285.525,285.567,285.413,285.559,285.577,285.586,285.568,285.609,285.574,285.565,285.582
285.459,285.482,285.456,285.439,285.456,285.459,285.471,285.464,285.465,285.457,285.47,285.466,285.462,285.417,285.441,285.484,285.506,285.486,285.49,285.504,285.484,285.537,285.46,285.504,285.532,285.538,285.555,285.502,285.536,285.532,285.51,285.583,285.605,285.595,285.554,285.545,285.562,285.451,285.508,285.612,285.593,285.578,285.623,285.574,285.587,285.63,285.479,285.62,285.645,285.651,285.636,285.676,285.633,285.639,285.646
285.516,285.54,285.518,285.498,285.518,285.515,285.524,285.524,285.527,285.517,285.531,285.528,285.522,285.469,285.498,285.542,285.567,285.549,285.552,285.563,285.548,285.593,285.527,285.563,285.596,285.602,285.618,285.56,285.606,285.593,285.563,285.645,285.673,285.664,285.625,285.608,285.622,285.512,285.578,285.68,285.665,285.653,285.687,285.643,285.655,285.693,285.557,285.686,285.71,285.718,285.701,285.743,285.695,285.714,285.713
285.59,285.617,285.593,285.574,285.596,285.59,285.6,285.603,285.605,285.595,285.612,285.605,285.599,285.54,285.576,285.621,285.648,285.629,285.634,285.644,285.628,285.667,285.608,285.644,285.679,285.681,285.699,285.637,285.694,285.668,285.644,285.726,285.759,285.749,285.717,285.689,285.702,285.587,285.664,285.764,285.76,285.741,285.769,285.732,285.741,285.773,285.66,285.771,285.795,285.804,285.785,285.836,285.778,285.805,285.794
285.717,285.743,285.723,285.698,285.726,285.714,285.722,285.731,285.734,285.728,285.743,285.732,285.73,285.661,285.706,285.75,285.778,285.762,285.768,285.771,285.76,285.791,285.734,285.775,285.809,285.811,285.827,285.77,285.834,285.793,285.778,285.855,285.888,285.878,285.856,285.824,285.833,285.721,285.802,285.897,285.9,285.879,285.901,285.867,285.882,285.906,285.815,285.908,285.931,285.937,285.918,285.969,285.911,285.942,285.919
285.864,285.896,285.87,285.847,285.879,285.858,285.866,285.879,285.887,285.882,285.897,285.884,285.881,285.803,285.858,285.901,285.932,285.916,285.921,285.921,285.918,285.933,285.884,285.931,285.963,285.962,285.977,285.926,285.99,285.938,285.936,286.009,286.039,286.033,286.014,285.986,285.984,285.889,285.958,286.052,286.061,286.041,286.058,286.025,286.043,286.059,285.993,286.07,286.093,286.096,286.075,286.122,286.071,286.101,286.064
286.013,286.048,286.019,285.998,286.026,286.003,286.008,286.03,286.039,286.04,286.051,286.033,286.031,285.94,286.007,286.054,286.087,286.07,286.076,286.07,286.076,286.074,286.033,286.087,286.117,286.115,286.125,286.084,286.14,286.079,286.09,286.165,286.191,286.19,286.167,286.15,286.136,286.061,286.12,286.211,286.22,286.205,286.217,286.183,286.204,286.211,286.17,286.233,286.251,286.255,286.232,286.273,286.225,286.258,286.213
286.158,286.195,286.166,286.145,286.175,286.143,286.153,286.179,286.189,286.193,286.199,286.183,286.174,286.079,286.151,286.205,286.24,286.221,286.226,286.217,286.235,286.215,286.184,286.241,286.275,286.267,286.275,286.239,286.288,286.215,286.245,286.32,286.34,286.351,286.327,286.304,286.286,286.236,286.282,286.367,286.38,286.365,286.38,286.337,286.366,286.366,286.345,286.395,286.415,286.414,286.387,286.428,286.382,286.414,286.368
286.303,286.333,286.309,286.283,286.315,286.273,286.288,286.318,286.328,286.335,286.337,286.328,286.306,286.208,286.291,286.344,286.385,286.359,286.368,286.362,286.383,286.345,286.336,286.388,286.427,286.41,286.42,286.388,286.426,286.344,286.393,286.466,286.481,286.506,286.479,286.452,286.429,286.402,286.436,286.521,286.531,286.521,286.536,286.483,286.522,286.518,286.501,286.552,286.57,286.566,286.536,286.578,286.533,286.564,286.52
286.443,286.472,286.452,286.423,286.457,286.403,286.429,286.46,286.47,286.473,286.474,286.471,286.441,286.355,286.434,286.487,286.529,286.502,286.507,286.507,286.531,286.474,286.492,286.537,286.581,286.556,286.56,286.536,286.561,286.481,286.55,286.614,286.625,286.657,286.636,286.602,286.574,286.564,286.597,286.676,286.687,286.674,286.689,286.636,286.677,286.676,286.652,286.709,286.726,286.72,286.691,286.727,286.69,286.719,286.68
286.587,286.608,286.595,286.559,286.597,286.534,286.57,286.602,286.609,286.611,286.61,286.61,286.58,286.507,286.576,286.628,286.674,286.649,286.647,286.651,286.677,286.602,286.645,286.684,286.727,286.702,286.705,286.682,286.698,286.622,286.704,286.76,286.769,286.797,286.789,286.753,286.724,286.72,286.756,286.826,286.84,286.827,286.841,286.79,286.828,286.836,286.801,286.866,286.878,286.875,286.843,286.872,286.848,286.87,286.84
286.729,286.748,286.739,286.697,286.742,286.674,286.719,286.746,286.745,286.753,286.757,286.752,286.724,286.665,286.728,286.77,286.821,286.799,286.793,286.798,286.823,286.73,286.807,286.84,286.878,286.851,286.852,286.835,286.842,286.773,286.864,286.914,286.922,286.943,286.943,286.901,286.875,286.881,286.918,286.981,287,286.978,286.997,286.947,286.983,286.998,286.956,287.025,287.033,287.033,286.998,287.027,287.008,287.027,287.004
286.873,286.887,286.877,286.833,286.88,286.815,286.861,286.888,286.88,286.895,286.898,286.891,286.867,286.816,286.878,286.908,286.966,286.938,286.94,286.942,286.965,286.86,286.963,286.991,287.023,286.996,287,286.979,286.983,286.925,287.012,287.067,287.063,287.085,287.08,287.044,287.017,287.033,287.076,287.133,287.15,287.128,287.147,287.103,287.134,287.149,287.103,287.184,287.186,287.185,287.15,287.181,287.161,287.18,287.161
286.996,287.013,286.998,286.954,287.006,286.939,286.99,287.016,286.999,287.021,287.024,287.016,287,286.956,287.018,287.038,287.094,287.065,287.076,287.074,287.092,286.974,287.1,287.132,287.158,287.131,287.13,287.11,287.115,287.068,287.139,287.204,287.195,287.218,287.206,287.177,287.143,287.174,287.219,287.274,287.291,287.269,287.282,287.248,287.279,287.284,287.24,287.328,287.332,287.327,287.294,287.323,287.306,287.317,287.311
287.107,287.122,287.1,287.056,287.111,287.043,287.097,287.122,287.104,287.125,287.129,287.124,287.109,287.074,287.128,287.151,287.201,287.174,287.187,287.184,287.201,287.076,287.212,287.246,287.267,287.25,287.247,287.219,287.227,287.195,287.244,287.323,287.314,287.337,287.313,287.292,287.251,287.29,287.328,287.398,287.409,287.39,287.396,287.37,287.4,287.396,287.351,287.448,287.457,287.451,287.416,287.441,287.426,287.435,287.441
287.211,287.223,287.197,287.155,287.213,287.145,287.2,287.221,287.199,287.22,287.226,287.226,287.213,287.184,287.23,287.257,287.304,287.28,287.289,287.286,287.303,287.176,287.321,287.356,287.372,287.361,287.357,287.322,287.336,287.31,287.344,287.436,287.428,287.449,287.418,287.395,287.355,287.401,287.43,287.512,287.524,287.508,287.506,287.484,287.516,287.502,287.457,287.568,287.573,287.562,287.531,287.557,287.543,287.548,287.57
287.317,287.325,287.301,287.264,287.319,287.254,287.31,287.331,287.308,287.326,287.329,287.329,287.322,287.297,287.331,287.369,287.414,287.392,287.399,287.393,287.413,287.289,287.434,287.469,287.481,287.476,287.476,287.428,287.453,287.43,287.449,287.555,287.547,287.565,287.532,287.511,287.468,287.52,287.538,287.632,287.642,287.632,287.628,287.607,287.637,287.615,287.574,287.691,287.695,287.679,287.65,287.685,287.669,287.67,287.702
287.432,287.433,287.408,287.376,287.431,287.368,287.429,287.442,287.422,287.434,287.436,287.44,287.431,287.411,287.43,287.484,287.531,287.505,287.514,287.509,287.522,287.404,287.545,287.588,287.594,287.594,287.595,287.539,287.571,287.556,287.551,287.676,287.673,287.689,287.651,287.633,287.589,287.647,287.645,287.76,287.768,287.756,287.754,287.735,287.758,287.736,287.697,287.816,287.823,287.802,287.774,287.817,287.799,287.793,287.841
287.539,287.532,287.507,287.484,287.533,287.48,287.536,287.544,287.533,287.536,287.537,287.542,287.533,287.519,287.519,287.588,287.636,287.607,287.619,287.616,287.624,287.509,287.654,287.7,287.699,287.703,287.709,287.645,287.682,287.679,287.653,287.792,287.791,287.801,287.76,287.746,287.703,287.764,287.747,287.879,287.88,287.87,287.878,287.856,287.872,287.851,287.811,287.931,287.947,287.914,287.889,287.945,287.919,287.911,287.959
287.652,287.642,287.613,287.597,287.642,287.596,287.65,287.653,287.646,287.644,287.646,287.652,287.64,287.632,287.614,287.704,287.748,287.715,287.726,287.728,287.73,287.623,287.769,287.816,287.809,287.82,287.826,287.756,287.795,287.8,287.772,287.913,287.914,287.915,287.878,287.862,287.824,287.886,287.857,287.998,287.999,287.989,288.008,287.979,287.995,287.972,287.934,288.056,288.075,288.036,288.009,288.075,288.045,288.031,288.087
287.75,287.741,287.712,287.692,287.739,287.707,287.75,287.746,287.74,287.736,287.745,287.753,287.737,287.73,287.702,287.799,287.851,287.815,287.822,287.83,287.828,287.728,287.865,287.92,287.903,287.926,287.931,287.86,287.896,287.909,287.882,288.025,288.025,288.021,287.985,287.967,287.932,287.988,287.955,288.106,288.11,288.093,288.125,288.085,288.106,288.08,288.044,288.168,288.195,288.146,288.114,288.19,288.159,288.139,288.194
287.85,287.843,287.813,287.794,287.841,287.82,287.856,287.843,287.839,287.836,287.846,287.856,287.835,287.832,287.798,287.898,287.951,287.919,287.925,287.932,287.93,287.84,287.954,288.028,288.006,288.041,288.034,287.974,287.999,288.018,287.995,288.138,288.136,288.13,288.094,288.076,288.042,288.092,288.059,288.216,288.225,288.199,288.242,288.188,288.223,288.195,288.159,288.284,288.32,288.257,288.23,288.305,288.274,288.252,288.302
287.953,287.944,287.919,287.898,287.945,287.932,287.963,287.946,287.945,287.938,287.949,287.958,287.937,287.935,287.899,288.005,288.056,288.026,288.031,288.037,288.032,287.962,288.043,288.137,288.115,288.153,288.133,288.085,288.108,288.129,288.113,288.253,288.246,288.242,288.203,288.186,288.157,288.201,288.169,288.327,288.34,288.31,288.358,288.295,288.342,288.31,288.275,288.402,288.448,288.371,288.35,288.422,288.389,288.374,288.408
288.064,288.056,288.029,288.01,288.059,288.049,288.073,288.058,288.058,288.051,288.058,288.071,288.051,288.044,288.011,288.122,288.166,288.138,288.145,288.15,288.147,288.097,288.142,288.256,288.237,288.268,288.241,288.203,288.224,288.251,288.245,288.375,288.366,288.359,288.324,288.3,288.28,288.321,288.287,288.45,288.47,288.436,288.481,288.417,288.47,288.434,288.393,288.527,288.588,288.494,288.484,288.552,288.512,288.507,288.53
288.222,288.216,288.182,288.165,288.214,288.2,288.226,288.216,288.218,288.212,288.213,288.225,288.207,288.197,288.166,288.28,288.321,288.294,288.306,288.306,288.302,288.278,288.283,288.418,288.398,288.429,288.394,288.366,288.388,288.419,288.406,288.538,288.536,288.518,288.488,288.459,288.447,288.483,288.442,288.619,288.64,288.605,288.647,288.584,288.636,288.602,288.55,288.7,288.771,288.662,288.66,288.729,288.682,288.684,288.683
288.377,288.373,288.336,288.322,288.369,288.348,288.378,288.371,288.379,288.369,288.364,288.375,288.357,288.339,288.324,288.436,288.475,288.448,288.466,288.458,288.457,288.451,288.422,288.578,288.562,288.587,288.55,288.526,288.553,288.581,288.562,288.7,288.703,288.673,288.652,288.617,288.611,288.642,288.592,288.785,288.813,288.771,288.812,288.756,288.8,288.766,288.707,288.871,288.948,288.831,288.838,288.904,288.85,288.856,288.837
288.536,288.525,288.489,288.477,288.524,288.494,288.522,288.527,288.539,288.527,288.521,288.522,288.507,288.479,288.486,288.59,288.629,288.602,288.619,288.612,288.608,288.615,288.56,288.735,288.725,288.743,288.704,288.68,288.718,288.743,288.716,288.86,288.869,288.827,288.814,288.775,288.775,288.799,288.744,288.954,288.98,288.938,288.974,288.929,288.958,288.93,288.856,289.04,289.125,289.002,289.008,289.076,289.017,289.027,288.992
288.683,288.674,288.634,288.629,288.675,288.639,288.662,288.679,288.689,288.681,288.673,288.667,288.657,288.613,288.648,288.746,288.782,288.753,288.769,288.76,288.756,288.773,288.697,288.891,288.884,288.895,288.857,288.83,288.875,288.894,288.863,289.021,289.033,288.975,288.97,288.933,288.939,288.947,288.893,289.118,289.14,289.1,289.13,289.096,289.114,289.092,288.998,289.211,289.299,289.17,289.176,289.245,289.183,289.192,289.149
288.839,288.827,288.79,288.787,288.832,288.791,288.806,288.838,288.847,288.837,288.828,288.818,288.817,288.758,288.815,288.909,288.944,288.912,288.924,288.918,288.914,288.933,288.85,289.055,289.048,289.054,289.023,288.996,289.041,289.054,289.02,289.191,289.201,289.134,289.138,289.095,289.11,289.099,289.049,289.29,289.303,289.271,289.296,289.272,289.279,289.26,289.15,289.387,289.475,289.346,289.356,289.423,289.358,289.364,289.314
288.995,288.981,288.946,288.947,288.987,288.948,288.951,288.995,289.001,288.996,288.983,288.972,288.976,288.906,288.982,289.071,289.107,289.073,289.079,289.075,289.068,289.082,289.006,289.216,289.217,289.213,289.19,289.161,289.201,289.211,289.18,289.361,289.374,289.301,289.311,289.26,289.281,289.262,289.211,289.465,289.466,289.441,289.464,289.447,289.45,289.425,289.307,289.566,289.651,289.52,289.539,289.598,289.533,289.537,289.481
289.161,289.146,289.113,289.115,289.151,289.114,289.105,289.163,289.166,289.163,289.153,289.139,289.148,289.071,289.159,289.248,289.276,289.24,289.241,289.24,289.234,289.244,289.177,289.392,289.393,289.385,289.373,289.334,289.369,289.384,289.346,289.539,289.558,289.479,289.492,289.439,289.467,289.435,289.382,289.652,289.64,289.621,289.647,289.633,289.633,289.608,289.479,289.753,289.842,289.705,289.731,289.788,289.722,289.722,289.662
289.321,289.31,289.276,289.273,289.312,289.27,289.257,289.324,289.325,289.326,289.313,289.299,289.308,289.23,289.326,289.412,289.435,289.404,289.4,289.4,289.393,289.396,289.346,289.558,289.563,289.547,289.543,289.501,289.531,289.548,289.498,289.71,289.731,289.647,289.662,289.61,289.644,289.607,289.541,289.832,289.809,289.792,289.823,289.811,289.807,289.79,289.65,289.937,290.026,289.885,289.914,289.968,289.902,289.901,289.844
289.498,289.486,289.455,289.446,289.487,289.438,289.425,289.498,289.503,289.504,289.49,289.476,289.486,289.408,289.502,289.593,289.61,289.583,289.577,289.581,289.57,289.557,289.532,289.738,289.75,289.726,289.73,289.683,289.71,289.729,289.664,289.894,289.919,289.83,289.847,289.797,289.836,289.796,289.717,290.025,289.997,289.986,290.013,290.004,289.995,289.985,289.844,290.135,290.224,290.084,290.116,290.168,290.097,290.1,290.039
289.664,289.657,289.622,289.615,289.657,289.597,289.591,289.663,289.672,289.674,289.653,289.641,289.655,289.578,289.663,289.758,289.775,289.755,289.747,289.753,289.741,289.713,289.711,289.914,289.925,289.895,289.907,289.86,289.884,289.897,289.825,290.069,290.098,290.006,290.025,289.977,290.018,289.985,289.895,290.209,290.179,290.173,290.191,290.188,290.173,290.172,290.033,290.327,290.417,290.275,290.308,290.355,290.287,290.289,290.226
289.817,289.812,289.779,289.769,289.813,289.744,289.744,289.815,289.829,289.831,289.809,289.793,289.807,289.734,289.809,289.911,289.928,289.916,289.908,289.913,289.902,289.865,289.878,290.075,290.087,290.053,290.067,290.023,290.051,290.052,289.978,290.227,290.266,290.167,290.191,290.143,290.191,290.155,290.065,290.381,290.351,290.347,290.357,290.358,290.339,290.342,290.218,290.505,290.6,290.452,290.486,290.531,290.461,290.458,290.396
289.977,289.978,289.939,289.931,289.978,289.899,289.911,289.972,289.995,289.993,289.971,289.953,289.965,289.894,289.967,290.078,290.09,290.081,290.08,290.079,290.068,290.031,290.049,290.239,290.258,290.216,290.233,290.192,290.228,290.21,290.142,290.4,290.442,290.333,290.362,290.316,290.372,290.333,290.251,290.559,290.533,290.527,290.534,290.537,290.514,290.52,290.424,290.695,290.787,290.634,290.667,290.716,290.642,290.632,290.568
290.151,290.154,290.111,290.104,290.151,290.064,290.084,290.142,290.172,290.164,290.145,290.124,290.138,290.067,290.138,290.255,290.265,290.259,290.267,290.259,290.245,290.21,290.23,290.42,290.44,290.397,290.409,290.365,290.418,290.386,290.326,290.582,290.629,290.515,290.544,290.509,290.564,290.517,290.448,290.748,290.722,290.722,290.723,290.731,290.706,290.711,290.646,290.897,290.986,290.828,290.862,290.91,290.835,290.816,290.754
290.315,290.32,290.276,290.274,290.317,290.224,290.253,290.312,290.34,290.331,290.312,290.294,290.31,290.229,290.31,290.427,290.441,290.427,290.44,290.431,290.419,290.384,290.408,290.594,290.616,290.571,290.578,290.538,290.594,290.563,290.509,290.758,290.806,290.696,290.716,290.698,290.75,290.691,290.636,290.929,290.909,290.909,290.911,290.92,290.895,290.897,290.865,291.09,291.18,291.022,291.052,291.098,291.023,290.997,290.939
290.482,290.475,290.438,290.435,290.477,290.38,290.412,290.474,290.503,290.49,290.476,290.459,290.47,290.379,290.478,290.593,290.607,290.589,290.61,290.599,290.587,290.542,290.58,290.765,290.782,290.741,290.741,290.702,290.767,290.748,290.694,290.931,290.979,290.866,290.886,290.881,290.927,290.864,290.821,291.11,291.085,291.091,291.086,291.102,291.078,291.072,291.073,291.274,291.365,291.208,291.236,291.279,291.205,291.167,291.12
290.653,290.641,290.605,290.607,290.65,290.548,290.583,290.642,290.67,290.656,290.64,290.63,290.643,290.535,290.655,290.763,290.781,290.758,290.781,290.767,290.759,290.705,290.75,290.937,290.959,290.924,290.914,290.877,290.945,290.942,290.892,291.115,291.158,291.043,291.061,291.069,291.113,291.039,291.018,291.293,291.269,291.274,291.272,291.286,291.269,291.255,291.277,291.468,291.559,291.403,291.428,291.461,291.388,291.35,291.305
290.82,290.803,290.773,290.771,290.819,290.709,290.75,290.805,290.83,290.816,290.803,290.795,290.811,290.687,290.826,290.924,290.946,290.916,290.949,290.93,290.925,290.864,290.916,291.107,291.126,291.102,291.085,291.047,291.119,291.131,291.088,291.292,291.331,291.212,291.233,291.255,291.289,291.209,291.212,291.478,291.451,291.451,291.454,291.464,291.454,291.436,291.466,291.663,291.739,291.59,291.621,291.642,291.571,291.536,291.488
290.957,290.944,290.916,290.916,290.96,290.848,290.893,290.943,290.965,290.952,290.943,290.937,290.955,290.811,290.967,291.059,291.089,291.055,291.097,291.076,291.069,291,291.056,291.252,291.268,291.255,291.232,291.196,291.265,291.286,291.252,291.445,291.48,291.362,291.384,291.417,291.441,291.353,291.375,291.64,291.607,291.604,291.61,291.618,291.612,291.592,291.625,291.833,291.9,291.754,291.788,291.794,291.732,291.702,291.642
291.118,291.102,291.072,291.076,291.119,291.006,291.052,291.098,291.122,291.109,291.103,291.093,291.116,290.958,291.123,291.21,291.245,291.216,291.261,291.238,291.229,291.157,291.21,291.417,291.426,291.425,291.398,291.361,291.43,291.455,291.425,291.617,291.649,291.531,291.555,291.596,291.611,291.513,291.547,291.819,291.78,291.775,291.785,291.792,291.782,291.769,291.8,292.02,292.078,291.929,291.979,291.971,291.909,291.881,291.805
291.289,291.27,291.24,291.251,291.291,291.175,291.221,291.265,291.293,291.276,291.271,291.256,291.291,291.122,291.285,291.378,291.409,291.389,291.434,291.411,291.404,291.329,291.376,291.594,291.599,291.604,291.571,291.535,291.605,291.637,291.607,291.797,291.824,291.712,291.735,291.785,291.797,291.682,291.73,292.015,291.968,291.96,291.974,291.979,291.962,291.956,291.977,292.217,292.271,292.122,292.177,292.158,292.105,292.068,291.986
291.457,291.426,291.408,291.417,291.457,291.343,291.388,291.432,291.46,291.435,291.435,291.417,291.458,291.282,291.437,291.543,291.576,291.558,291.6,291.58,291.574,291.496,291.537,291.765,291.771,291.776,291.737,291.707,291.774,291.813,291.775,291.978,291.997,291.889,291.916,291.968,291.979,291.841,291.904,292.204,292.147,292.14,292.162,292.16,292.137,292.135,292.147,292.406,292.462,292.312,292.373,292.346,292.293,292.249,292.163
291.629,291.589,291.579,291.597,291.631,291.522,291.563,291.603,291.632,291.606,291.603,291.587,291.632,291.456,291.589,291.713,291.748,291.731,291.769,291.752,291.752,291.667,291.706,291.944,291.948,291.956,291.91,291.885,291.949,291.994,291.952,292.167,292.18,292.072,292.098,292.151,292.165,292.002,292.093,292.395,292.33,292.328,292.357,292.346,292.323,292.318,292.332,292.604,292.661,292.511,292.569,292.537,292.491,292.434,292.348
291.803,291.752,291.75,291.767,291.802,291.698,291.737,291.773,291.805,291.772,291.77,291.756,291.798,291.634,291.74,291.882,291.918,291.901,291.934,291.921,291.926,291.839,291.881,292.123,292.12,292.132,292.085,292.06,292.121,292.171,292.125,292.353,292.361,292.254,292.278,292.332,292.347,292.17,292.276,292.587,292.512,292.512,292.551,292.527,292.504,292.503,292.517,292.801,292.86,292.705,292.766,292.726,292.686,292.618,292.531
291.956,291.903,291.904,291.926,291.959,291.856,291.899,291.926,291.955,291.924,291.919,291.908,291.946,291.795,291.871,292.037,292.071,292.051,292.082,292.073,292.085,291.992,292.037,292.281,292.275,292.292,292.242,292.224,292.271,292.326,292.275,292.524,292.525,292.417,292.442,292.496,292.514,292.322,292.437,292.761,292.684,292.681,292.725,292.69,292.67,292.675,292.69,292.98,293.04,292.885,292.942,292.898,292.862,292.79,292.695
292.11,292.059,292.058,292.085,292.118,292.02,292.062,292.084,292.109,292.082,292.077,292.066,292.1,291.963,292.008,292.199,292.228,292.208,292.242,292.234,292.247,292.151,292.196,292.442,292.438,292.457,292.404,292.389,292.428,292.488,292.431,292.697,292.693,292.585,292.611,292.669,292.688,292.478,292.595,292.94,292.86,292.859,292.903,292.861,292.841,292.851,292.869,293.167,293.226,293.071,293.125,293.079,293.043,292.971,292.867
292.271,292.225,292.22,292.25,292.28,292.191,292.231,292.245,292.272,292.245,292.24,292.23,292.258,292.131,292.149,292.366,292.389,292.375,292.405,292.396,292.414,292.31,292.354,292.611,292.604,292.631,292.574,292.563,292.594,292.653,292.589,292.87,292.871,292.76,292.783,292.85,292.866,292.646,292.75,293.124,293.04,293.041,293.085,293.039,293.02,293.035,293.052,293.356,293.42,293.269,293.311,293.265,293.229,293.161,293.049
292.452,292.407,292.408,292.428,292.461,292.386,292.415,292.427,292.452,292.432,292.422,292.417,292.433,292.319,292.312,292.554,292.57,292.558,292.595,292.577,292.598,292.485,292.533,292.8,292.791,292.819,292.769,292.757,292.782,292.837,292.764,293.062,293.069,292.952,292.983,293.05,293.063,292.838,292.924,293.33,293.246,293.245,293.283,293.239,293.219,293.241,293.258,293.565,293.627,293.488,293.517,293.47,293.436,293.372,293.253
292.652,292.609,292.609,292.631,292.658,292.592,292.613,292.629,292.645,292.635,292.622,292.62,292.632,292.527,292.495,292.761,292.774,292.757,292.796,292.775,292.796,292.689,292.725,293.008,292.997,293.027,292.978,292.965,292.99,293.037,292.958,293.269,293.284,293.165,293.202,293.263,293.278,293.052,293.122,293.549,293.472,293.472,293.499,293.458,293.439,293.467,293.478,293.79,293.85,293.727,293.743,293.697,293.661,293.607,293.481
292.863,292.819,292.822,292.838,292.861,292.803,292.812,292.841,292.849,292.84,292.829,292.827,292.837,292.746,292.695,292.977,292.983,292.966,293.003,292.977,293.002,292.904,292.923,293.225,293.219,293.242,293.198,293.186,293.203,293.248,293.165,293.487,293.507,293.387,293.43,293.491,293.496,293.273,293.331,293.776,293.705,293.707,293.722,293.686,293.669,293.703,293.705,294.03,294.085,293.965,293.981,293.935,293.893,293.851,293.723
293.089,293.047,293.048,293.065,293.083,293.031,293.022,293.066,293.069,293.063,293.052,293.049,293.056,292.982,292.914,293.203,293.209,293.196,293.224,293.197,293.223,293.132,293.134,293.455,293.454,293.47,293.43,293.421,293.437,293.472,293.387,293.723,293.746,293.625,293.672,293.738,293.727,293.515,293.553,294.02,293.953,293.959,293.963,293.937,293.913,293.952,293.942,294.278,294.332,294.227,294.235,294.188,294.144,294.111,293.982
293.325,293.282,293.285,293.3,293.313,293.262,293.242,293.299,293.3,293.298,293.289,293.278,293.287,293.225,293.146,293.44,293.443,293.441,293.461,293.434,293.458,293.372,293.36,293.697,293.701,293.715,293.677,293.667,293.681,293.708,293.626,293.974,293.997,293.872,293.925,293.998,293.975,293.773,293.788,294.276,294.215,294.216,294.215,294.195,294.162,294.213,294.187,294.539,294.594,294.496,294.497,294.447,294.408,294.376,294.25
293.566,293.523,293.529,293.545,293.552,293.499,293.471,293.539,293.543,293.537,293.531,293.512,293.525,293.473,293.384,293.688,293.686,293.688,293.704,293.676,293.706,293.615,293.59,293.945,293.951,293.961,293.926,293.917,293.936,293.95,293.866,294.228,294.249,294.124,294.184,294.264,294.234,294.044,294.031,294.537,294.484,294.484,294.477,294.457,294.417,294.474,294.437,294.809,294.861,294.773,294.766,294.713,294.675,294.644,294.528
293.791,293.747,293.755,293.77,293.771,293.719,293.679,293.762,293.769,293.757,293.753,293.729,293.747,293.694,293.602,293.916,293.908,293.915,293.928,293.898,293.935,293.831,293.797,294.173,294.186,294.191,294.155,294.149,294.173,294.172,294.08,294.459,294.483,294.363,294.425,294.505,294.477,294.295,294.253,294.78,294.738,294.729,294.718,294.7,294.653,294.715,294.669,295.055,295.106,295.025,295.014,294.96,294.921,294.889,294.784
294.036,293.995,294.004,294.022,294.019,293.965,293.917,294.011,294.015,294.005,294.001,293.973,293.996,293.935,293.845,294.171,294.152,294.169,294.178,294.145,294.189,294.074,294.031,294.423,294.44,294.441,294.407,294.405,294.433,294.416,294.319,294.715,294.746,294.629,294.69,294.769,294.749,294.578,294.506,295.05,295.012,295.001,294.983,294.966,294.915,294.976,294.93,295.328,295.38,295.305,295.289,295.237,295.198,295.162,295.069
294.283,294.246,294.251,294.265,294.262,294.202,294.153,294.259,294.259,294.249,294.247,294.214,294.242,294.166,294.082,294.422,294.393,294.417,294.425,294.386,294.439,294.315,294.268,294.673,294.69,294.697,294.665,294.66,294.693,294.655,294.557,294.973,295.007,294.899,294.951,295.031,295.014,294.859,294.76,295.324,295.285,295.265,295.25,295.236,295.179,295.233,295.195,295.602,295.654,295.585,295.563,295.513,295.474,295.432,295.345
294.536,294.5,294.501,294.516,294.51,294.442,294.396,294.511,294.512,294.498,294.495,294.46,294.489,294.397,294.328,294.676,294.638,294.672,294.682,294.634,294.694,294.559,294.512,294.93,294.95,294.957,294.924,294.914,294.957,294.896,294.806,295.24,295.279,295.176,295.216,295.293,295.283,295.145,295.019,295.6,295.561,295.543,295.518,295.511,295.449,295.504,295.459,295.879,295.933,295.869,295.843,295.796,295.754,295.711,295.62
294.802,294.764,294.765,294.779,294.775,294.692,294.656,294.78,294.778,294.762,294.754,294.72,294.752,294.645,294.59,294.944,294.901,294.935,294.957,294.899,294.964,294.824,294.774,295.206,295.223,295.233,295.197,295.181,295.236,295.153,295.073,295.529,295.562,295.46,295.497,295.573,295.566,295.435,295.303,295.888,295.853,295.837,295.803,295.801,295.736,295.791,295.736,296.179,296.23,296.17,296.139,296.091,296.05,296.005,295.907
295.067,295.031,295.026,295.042,295.036,294.941,294.924,295.045,295.041,295.027,295.014,294.98,295.015,294.89,294.855,295.211,295.161,295.199,295.23,295.163,295.236,295.088,295.041,295.482,295.496,295.506,295.472,295.45,295.514,295.41,295.345,295.808,295.846,295.746,295.778,295.858,295.851,295.718,295.592,296.176,296.144,296.126,296.086,296.082,296.025,296.081,296.01,296.477,296.521,296.469,296.429,296.389,296.348,296.3,296.196
295.334,295.298,295.289,295.304,295.298,295.197,295.193,295.311,295.302,295.291,295.28,295.24,295.281,295.135,295.124,295.48,295.424,295.465,295.503,295.434,295.507,295.356,295.317,295.761,295.768,295.779,295.746,295.718,295.791,295.671,295.63,296.091,296.13,296.033,296.059,296.143,296.135,295.998,295.886,296.468,296.443,296.414,296.373,296.37,296.313,296.37,296.286,296.78,296.816,296.763,296.73,296.686,296.644,296.598,296.486
295.605,295.568,295.554,295.576,295.572,295.464,295.471,295.585,295.567,295.56,295.548,295.506,295.554,295.386,295.398,295.756,295.692,295.738,295.775,295.709,295.782,295.627,295.597,296.046,296.048,296.057,296.024,295.992,296.076,295.945,295.926,296.382,296.416,296.327,296.346,296.438,296.431,296.284,296.19,296.769,296.745,296.714,296.668,296.666,296.605,296.672,296.565,297.085,297.12,297.071,297.037,296.995,296.951,296.904,296.79
295.899,295.857,295.845,295.865,295.864,295.752,295.762,295.879,295.853,295.848,295.841,295.794,295.846,295.658,295.692,296.051,295.977,296.027,296.067,296.005,296.076,295.919,295.89,296.349,296.351,296.354,296.327,296.294,296.384,296.244,296.242,296.697,296.733,296.64,296.652,296.755,296.751,296.587,296.515,297.088,297.066,297.035,296.991,296.987,296.917,296.994,296.867,297.413,297.447,297.395,297.367,297.33,297.282,297.233,297.125
296.182,296.135,296.12,296.143,296.143,296.028,296.04,296.16,296.124,296.116,296.116,296.069,296.119,295.915,295.977,296.329,296.252,296.304,296.347,296.288,296.351,296.198,296.172,296.636,296.641,296.644,296.615,296.583,296.675,296.531,296.546,297.001,297.043,296.94,296.947,297.057,297.059,296.875,296.83,297.394,297.375,297.348,297.298,297.291,297.222,297.299,297.161,297.721,297.761,297.714,297.687,297.645,297.602,297.546,297.446
296.43,296.379,296.368,296.387,296.388,296.269,296.283,296.41,296.367,296.354,296.362,296.31,296.358,296.148,296.229,296.579,296.498,296.55,296.598,296.534,296.598,296.447,296.431,296.893,296.9,296.905,296.866,296.838,296.931,296.787,296.82,297.276,297.317,297.206,297.206,297.324,297.329,297.122,297.105,297.671,297.644,297.628,297.574,297.565,297.492,297.572,297.433,298.001,298.047,298,297.972,297.928,297.884,297.829,297.729
296.668,296.613,296.605,296.621,296.622,296.503,296.517,296.652,296.601,296.581,296.593,296.544,296.594,296.377,296.472,296.821,296.74,296.79,296.831,296.766,296.839,296.685,296.681,297.141,297.149,297.147,297.105,297.081,297.178,297.03,297.082,297.539,297.577,297.458,297.46,297.584,297.591,297.356,297.367,297.932,297.91,297.9,297.84,297.827,297.757,297.841,297.704,298.271,298.321,298.276,298.244,298.2,298.157,298.102,298.003
296.901,296.84,296.838,296.849,296.848,296.73,296.744,296.886,296.827,296.8,296.819,296.772,296.825,296.604,296.71,297.056,296.976,297.022,297.058,296.994,297.07,296.918,296.917,297.383,297.389,297.38,297.342,297.322,297.424,297.267,297.326,297.792,297.826,297.712,297.711,297.841,297.847,297.591,297.615,298.187,298.17,298.165,298.102,298.084,298.019,298.108,297.965,298.532,298.593,298.545,298.513,298.464,298.426,298.369,298.27
297.154,297.092,297.093,297.106,297.104,296.98,296.996,297.142,297.078,297.045,297.071,297.024,297.075,296.86,296.966,297.317,297.231,297.277,297.311,297.246,297.324,297.172,297.169,297.65,297.647,297.639,297.604,297.586,297.69,297.53,297.588,298.064,298.097,297.986,297.983,298.12,298.12,297.852,297.882,298.47,298.453,298.455,298.382,298.366,298.306,298.396,298.247,298.815,298.885,298.837,298.803,298.75,298.719,298.658,298.557
297.418,297.357,297.359,297.37,297.368,297.241,297.253,297.407,297.341,297.3,297.331,297.283,297.334,297.128,297.225,297.589,297.497,297.541,297.573,297.504,297.585,297.44,297.424,297.927,297.916,297.909,297.872,297.858,297.961,297.817,297.863,298.342,298.376,298.273,298.269,298.41,298.403,298.121,298.155,298.765,298.744,298.748,298.673,298.659,298.599,298.692,298.537,299.111,299.187,299.135,299.103,299.053,299.023,298.951,298.847
297.645,297.588,297.589,297.602,297.592,297.471,297.48,297.634,297.566,297.518,297.55,297.505,297.556,297.362,297.441,297.827,297.728,297.768,297.801,297.729,297.807,297.672,297.639,298.166,298.154,298.143,298.107,298.098,298.198,298.068,298.108,298.585,298.619,298.521,298.517,298.667,298.648,298.356,298.395,299.025,298.999,299.007,298.926,298.91,298.859,298.957,298.792,299.37,299.45,299.404,299.368,299.32,299.292,299.207,299.099
297.852,297.799,297.798,297.813,297.798,297.682,297.681,297.843,297.774,297.722,297.751,297.709,297.756,297.573,297.628,298.041,297.936,297.975,298.013,297.939,298.012,297.885,297.834,298.383,298.376,298.361,298.325,298.314,298.42,298.306,298.337,298.807,298.843,298.75,298.746,298.902,298.879,298.573,298.612,299.258,299.237,299.245,299.161,299.137,299.098,299.201,299.032,299.615,299.693,299.646,299.613,299.573,299.536,299.452,299.33
298.057,298.008,298.005,298.019,298.003,297.887,297.881,298.045,297.975,297.919,297.95,297.913,297.96,297.786,297.809,298.25,298.146,298.185,298.221,298.147,298.22,298.096,298.026,298.599,298.589,298.575,298.543,298.53,298.637,298.54,298.556,299.027,299.062,298.976,298.971,299.132,299.104,298.783,298.827,299.497,299.473,299.483,299.397,299.372,299.337,299.442,299.268,299.854,299.935,299.893,299.857,299.822,299.777,299.698,299.561
298.331,298.282,298.279,298.288,298.27,298.157,298.141,298.316,298.243,298.182,298.214,298.178,298.225,298.061,298.057,298.524,298.418,298.459,298.491,298.42,298.491,298.365,298.281,298.874,298.871,298.857,298.824,298.809,298.918,298.833,298.834,299.316,299.35,299.268,299.263,299.424,299.396,299.055,299.102,299.801,299.775,299.78,299.698,299.672,299.638,299.743,299.563,300.16,300.239,300.196,300.161,300.132,300.079,300.01,299.857
298.65,298.604,298.601,298.61,298.592,298.478,298.457,298.635,298.56,298.496,298.529,298.497,298.542,298.391,298.352,298.85,298.743,298.778,298.817,298.745,298.815,298.684,298.583,299.203,299.201,299.189,299.159,299.135,299.245,299.175,299.152,299.653,299.681,299.601,299.607,299.767,299.743,299.38,299.436,300.151,300.126,300.133,300.046,300.019,299.981,300.094,299.9,300.518,300.596,300.556,300.515,300.491,300.432,300.371,300.211
298.971,298.924,298.93,298.937,298.913,298.799,298.772,298.959,298.878,298.813,298.849,298.815,298.856,298.722,298.652,299.177,299.068,299.102,299.141,299.067,299.135,298.998,298.887,299.534,299.536,299.523,299.495,299.468,299.579,299.514,299.465,299.995,300.02,299.94,299.954,300.114,300.088,299.707,299.771,300.503,300.482,300.481,300.398,300.373,300.324,300.441,300.236,300.875,300.951,300.914,300.878,300.857,300.789,300.74,300.57
299.317,299.267,299.279,299.285,299.259,299.14,299.112,299.305,299.215,299.155,299.189,299.153,299.194,299.073,298.975,299.52,299.412,299.448,299.483,299.413,299.476,299.329,299.213,299.891,299.893,299.881,299.85,299.823,299.933,299.873,299.784,300.36,300.384,300.302,300.321,300.478,300.451,300.053,300.136,300.883,300.86,300.855,300.767,300.749,300.692,300.809,300.598,301.26,301.337,301.301,301.263,301.243,301.171,301.126,300.948
299.672,299.614,299.633,299.63,299.606,299.482,299.453,299.662,299.561,299.504,299.542,299.499,299.539,299.428,299.313,299.877,299.766,299.799,299.836,299.767,299.824,299.669,299.551,300.259,300.257,300.242,300.21,300.18,300.297,300.238,300.107,300.739,300.754,300.673,300.691,300.847,300.822,300.406,300.512,301.275,301.246,301.238,301.148,301.135,301.069,301.183,300.983,301.657,301.733,301.688,301.657,301.639,301.56,301.524,301.329
300.018,299.958,299.979,299.971,299.951,299.814,299.791,300.009,299.903,299.841,299.886,299.84,299.881,299.774,299.654,300.23,300.113,300.148,300.187,300.118,300.173,299.999,299.889,300.622,300.611,300.594,300.563,300.535,300.656,300.593,300.422,301.109,301.121,301.041,301.054,301.212,301.184,300.764,300.881,301.658,301.627,301.618,301.528,301.514,301.446,301.557,301.366,302.046,302.126,302.073,302.047,302.026,301.939,301.915,301.706
300.34,300.281,300.307,300.293,300.277,300.124,300.102,300.337,300.23,300.158,300.208,300.165,300.205,300.093,299.975,300.562,300.438,300.472,300.515,300.451,300.507,300.307,300.206,300.962,300.948,300.926,300.896,300.872,300.991,300.924,300.717,301.457,301.466,301.39,301.403,301.557,301.532,301.113,301.228,302.022,301.992,301.975,301.891,301.878,301.804,301.917,301.729,302.419,302.499,302.433,302.415,302.393,302.3,302.288,302.066
300.687,300.631,300.654,300.636,300.624,300.458,300.44,300.687,300.575,300.504,300.554,300.515,300.546,300.429,300.32,300.918,300.785,300.818,300.869,300.806,300.866,300.637,300.548,301.329,301.305,301.279,301.249,301.235,301.344,301.277,301.035,301.827,301.835,301.761,301.778,301.923,301.9,301.492,301.598,302.407,302.376,302.352,302.273,302.263,302.184,302.3,302.108,302.816,302.897,302.818,302.804,302.782,302.689,302.682,302.455
301.021,300.966,300.995,300.969,300.956,300.786,300.764,301.021,300.909,300.834,300.886,300.85,300.87,300.75,300.655,301.261,301.116,301.149,301.208,301.144,301.207,300.955,300.889,301.685,301.65,301.618,301.59,301.587,301.685,301.616,301.355,302.183,302.194,302.112,302.139,302.283,302.26,301.853,301.951,302.783,302.749,302.711,302.643,302.635,302.551,302.668,302.469,303.196,303.286,303.193,303.177,303.162,303.065,303.068,302.829
301.297,301.249,301.28,301.25,301.236,301.062,301.033,301.301,301.183,301.108,301.157,301.13,301.143,301.013,300.933,301.55,301.393,301.428,301.489,301.427,301.488,301.217,301.177,301.987,301.936,301.905,301.883,301.887,301.971,301.898,301.62,302.489,302.494,302.405,302.453,302.593,302.565,302.162,302.25,303.105,303.065,303.021,302.949,302.948,302.863,302.984,302.773,303.524,303.62,303.519,303.499,303.484,303.387,303.395,303.155
301.499,301.456,301.49,301.45,301.441,301.261,301.229,301.512,301.384,301.314,301.358,301.335,301.341,301.201,301.134,301.764,301.595,301.63,301.698,301.636,301.697,301.41,301.394,302.216,302.155,302.114,302.099,302.106,302.186,302.102,301.819,302.721,302.717,302.63,302.687,302.828,302.794,302.392,302.481,303.351,303.304,303.255,303.181,303.192,303.101,303.228,303.002,303.779,303.877,303.772,303.749,303.736,303.636,303.649,303.413
301.704,301.669,301.702,301.658,301.649,301.464,301.428,301.724,301.588,301.524,301.562,301.541,301.545,301.391,301.34,301.987,301.804,301.841,301.911,301.844,301.911,301.613,301.613,302.448,302.375,302.332,302.324,302.329,302.404,302.311,302.026,302.955,302.948,302.866,302.923,303.068,303.024,302.62,302.715,303.6,303.548,303.498,303.419,303.44,303.342,303.473,303.233,304.037,304.135,304.032,304.004,303.987,303.888,303.898,303.676
301.974,301.94,301.974,301.922,301.914,301.722,301.69,301.995,301.849,301.791,301.832,301.809,301.805,301.636,301.605,302.266,302.069,302.114,302.182,302.112,302.177,301.876,301.888,302.739,302.66,302.609,302.611,302.61,302.685,302.574,302.303,303.247,303.234,303.159,303.216,303.364,303.312,302.898,303.002,303.909,303.856,303.797,303.716,303.742,303.642,303.774,303.526,304.352,304.447,304.345,304.315,304.299,304.198,304.204,303.99
302.263,302.231,302.267,302.212,302.202,302.004,301.972,302.289,302.132,302.077,302.122,302.1,302.088,301.907,301.891,302.568,302.356,302.406,302.475,302.408,302.471,302.172,302.178,303.048,302.961,302.907,302.913,302.907,302.987,302.856,302.6,303.563,303.539,303.469,303.53,303.681,303.621,303.204,303.303,304.236,304.182,304.114,304.036,304.064,303.956,304.096,303.834,304.688,304.789,304.683,304.652,304.625,304.532,304.536,304.321
302.584,302.547,302.585,302.532,302.517,302.314,302.285,302.609,302.441,302.39,302.439,302.418,302.4,302.206,302.2,302.897,302.675,302.725,302.794,302.73,302.786,302.497,302.485,303.385,303.285,303.228,303.24,303.237,303.318,303.16,302.929,303.901,303.87,303.808,303.872,304.025,303.957,303.54,303.628,304.595,304.538,304.459,304.385,304.417,304.305,304.442,304.167,305.052,305.156,305.048,305.019,304.982,304.894,304.9,304.677
302.945,302.912,302.948,302.897,302.878,302.671,302.649,302.967,302.795,302.749,302.798,302.78,302.754,302.545,302.548,303.263,303.04,303.089,303.153,303.095,303.142,302.863,302.832,303.766,303.652,303.594,303.608,303.613,303.688,303.508,303.3,304.285,304.247,304.193,304.26,304.404,304.339,303.926,303.989,305.004,304.933,304.849,304.776,304.814,304.693,304.833,304.539,305.463,305.569,305.461,305.434,305.383,305.302,305.308,305.073
303.251,303.213,303.25,303.202,303.182,302.966,302.956,303.27,303.094,303.054,303.1,303.083,303.049,302.828,302.837,303.574,303.349,303.396,303.459,303.404,303.442,303.169,303.118,304.089,303.963,303.907,303.921,303.926,303.995,303.794,303.613,304.616,304.574,304.519,304.587,304.722,304.664,304.261,304.293,305.36,305.272,305.189,305.113,305.156,305.025,305.172,304.867,305.815,305.93,305.814,305.792,305.736,305.654,305.663,305.407
303.541,303.506,303.538,303.494,303.473,303.252,303.248,303.557,303.381,303.343,303.389,303.366,303.339,303.104,303.111,303.872,303.651,303.69,303.75,303.699,303.735,303.459,303.397,304.399,304.265,304.21,304.226,304.227,304.292,304.072,303.911,304.934,304.884,304.834,304.899,305.03,304.972,304.586,304.588,305.706,305.598,305.519,305.437,305.483,305.354,305.505,305.181,306.154,306.28,306.156,306.134,306.077,305.995,306.004,305.735
303.906,303.87,303.905,303.865,303.837,303.612,303.614,303.918,303.747,303.707,303.757,303.733,303.707,303.455,303.458,304.243,304.024,304.06,304.121,304.068,304.102,303.824,303.754,304.784,304.644,304.588,304.611,304.603,304.667,304.43,304.285,305.328,305.275,305.226,305.29,305.423,305.358,304.987,304.965,306.13,306.006,305.925,305.838,305.887,305.76,305.91,305.571,306.57,306.707,306.577,306.55,306.493,306.412,306.43,306.145
304.305,304.269,304.304,304.265,304.237,304.004,304.009,304.313,304.145,304.105,304.156,304.128,304.104,303.841,303.83,304.646,304.427,304.459,304.526,304.473,304.497,304.22,304.15,305.2,305.05,304.998,305.033,305.011,305.077,304.827,304.694,305.757,305.698,305.656,305.715,305.849,305.774,305.422,305.38,306.583,306.441,306.359,306.271,306.321,306.2,306.352,305.995,307.023,307.167,307.029,306.996,306.935,306.861,306.885,306.588
304.663,304.623,304.664,304.624,304.591,304.358,304.365,304.669,304.503,304.462,304.515,304.479,304.455,304.193,304.162,305.012,304.789,304.821,304.889,304.835,304.849,304.576,304.503,305.573,305.421,305.375,305.413,305.382,305.446,305.187,305.072,306.142,306.079,306.044,306.101,306.233,306.15,305.818,305.754,306.993,306.838,306.75,306.669,306.717,306.605,306.749,306.378,307.44,307.583,307.44,307.404,307.335,307.271,307.3,306.987
305.005,304.964,305.004,304.969,304.935,304.697,304.705,305.011,304.843,304.8,304.854,304.815,304.797,304.532,304.479,305.358,305.135,305.167,305.234,305.179,305.188,304.919,304.841,305.932,305.779,305.738,305.776,305.743,305.801,305.539,305.434,306.518,306.442,306.414,306.479,306.606,306.521,306.2,306.109,307.384,307.22,307.124,307.051,307.098,306.992,307.133,306.747,307.848,307.988,307.841,307.797,307.72,307.666,307.697,307.367
305.345,305.294,305.341,305.304,305.27,305.035,305.031,305.346,305.178,305.133,305.188,305.15,305.131,304.866,304.791,305.7,305.472,305.507,305.576,305.519,305.532,305.265,305.172,306.286,306.133,306.092,306.128,306.093,306.153,305.892,305.785,306.89,306.803,306.776,306.845,306.969,306.883,306.569,306.458,307.767,307.601,307.498,307.436,307.475,307.374,307.509,307.105,308.254,308.385,308.234,308.185,308.107,308.055,308.094,307.736
305.619,305.562,305.614,305.574,305.542,305.31,305.29,305.616,305.447,305.401,305.456,305.417,305.401,305.136,305.037,305.978,305.748,305.786,305.849,305.791,305.809,305.544,305.442,306.578,306.418,306.378,306.416,306.381,306.441,306.178,306.06,307.188,307.107,307.076,307.153,307.272,307.18,306.865,306.737,308.08,307.913,307.811,307.76,307.785,307.691,307.82,307.404,308.6,308.715,308.565,308.515,308.431,308.38,308.422,308.046
305.899,305.839,305.896,305.852,305.816,305.597,305.56,305.895,305.719,305.677,305.73,305.693,305.678,305.414,305.296,306.263,306.031,306.068,306.133,306.071,306.092,305.832,305.716,306.873,306.711,306.675,306.713,306.675,306.735,306.475,306.345,307.492,307.414,307.38,307.463,307.583,307.479,307.16,307.024,308.407,308.238,308.134,308.094,308.104,308.011,308.136,307.712,308.949,309.054,308.907,308.85,308.766,308.71,308.755,308.361
306.232,306.172,306.227,306.182,306.147,305.941,305.884,306.23,306.049,306.012,306.063,306.025,306.014,305.75,305.609,306.607,306.371,306.405,306.47,306.409,306.429,306.174,306.046,307.228,307.062,307.031,307.066,307.024,307.08,306.826,306.691,307.852,307.771,307.74,307.821,307.949,307.836,307.505,307.371,308.788,308.618,308.516,308.481,308.481,308.385,308.504,308.077,309.347,309.449,309.301,309.235,309.152,309.098,309.144,308.735
306.591,306.533,306.59,306.543,306.507,306.306,306.236,306.596,306.412,306.376,306.424,306.383,306.372,306.114,305.951,306.972,306.739,306.771,306.835,306.774,306.792,306.538,306.402,307.608,307.441,307.414,307.446,307.399,307.455,307.2,307.077,308.238,308.153,308.128,308.213,308.343,308.219,307.874,307.753,309.195,309.026,308.926,308.894,308.884,308.788,308.902,308.476,309.763,309.869,309.727,309.652,309.564,309.514,309.567,309.134
306.934,306.879,306.932,306.885,306.849,306.652,306.574,306.937,306.757,306.723,306.766,306.719,306.716,306.456,306.275,307.319,307.087,307.124,307.183,307.123,307.133,306.878,306.734,307.973,307.799,307.778,307.808,307.758,307.811,307.558,307.435,308.612,308.519,308.5,308.59,308.716,308.585,308.228,308.117,309.588,309.411,309.313,309.286,309.267,309.175,309.28,308.858,310.161,310.265,310.132,310.052,309.954,309.91,309.968,309.518
307.346,307.294,307.345,307.295,307.254,307.063,306.979,307.347,307.172,307.134,307.182,307.123,307.124,306.864,306.67,307.731,307.498,307.537,307.594,307.537,307.544,307.277,307.13,308.407,308.229,308.206,308.237,308.183,308.234,307.978,307.858,309.053,308.956,308.935,309.031,309.153,309.02,308.649,308.553,310.05,309.865,309.77,309.746,309.719,309.63,309.725,309.319,310.627,310.733,310.604,310.515,310.418,310.374,310.434,309.968
307.855,307.812,307.861,307.807,307.766,307.579,307.483,307.857,307.687,307.647,307.696,307.632,307.635,307.383,307.17,308.248,308.014,308.06,308.11,308.053,308.064,307.777,307.633,308.952,308.763,308.741,308.765,308.712,308.762,308.509,308.379,309.598,309.497,309.477,309.577,309.694,309.561,309.173,309.097,310.616,310.43,310.333,310.313,310.271,310.189,310.276,309.884,311.203,311.31,311.184,311.092,310.981,310.944,311.002,310.524
308.492,308.454,308.51,308.446,308.401,308.219,308.107,308.5,308.327,308.286,308.337,308.272,308.276,308.024,307.802,308.896,308.664,308.71,308.751,308.697,308.712,308.405,308.265,309.623,309.423,309.407,309.42,309.373,309.421,309.165,309.027,310.276,310.171,310.146,310.254,310.359,310.239,309.824,309.771,311.312,311.126,311.023,311.009,310.964,310.879,310.952,310.576,311.903,312.018,311.895,311.792,311.68,311.644,311.708,311.214
309.167,309.133,309.192,309.122,309.076,308.894,308.764,309.185,309.008,308.966,309.015,308.95,308.953,308.704,308.478,309.587,309.354,309.399,309.432,309.38,309.402,309.065,308.94,310.338,310.122,310.111,310.119,310.073,310.118,309.861,309.704,310.995,310.885,310.859,310.968,311.063,310.959,310.521,310.485,312.049,311.867,311.76,311.748,311.704,311.609,311.672,311.308,312.65,312.769,312.655,312.538,312.424,312.387,312.453,311.944
309.831,309.801,309.859,309.785,309.738,309.556,309.409,309.859,309.678,309.638,309.678,309.614,309.613,309.367,309.144,310.268,310.033,310.079,310.101,310.047,310.075,309.71,309.602,311.037,310.811,310.802,310.807,310.763,310.807,310.546,310.372,311.704,311.592,311.57,311.672,311.758,311.667,311.207,311.19,312.78,312.604,312.488,312.474,312.435,312.328,312.384,312.031,313.392,313.515,313.406,313.275,313.16,313.12,313.188,312.668
310.558,310.536,310.59,310.515,310.466,310.282,310.121,310.597,310.409,310.375,310.404,310.345,310.341,310.092,309.876,311.022,310.779,310.82,310.836,310.785,310.816,310.419,310.328,311.802,311.572,311.562,311.564,311.521,311.558,311.297,311.104,312.483,312.363,312.35,312.443,312.528,312.442,311.96,311.96,313.579,313.41,313.282,313.266,313.23,313.116,313.167,312.811,314.209,314.33,314.231,314.085,313.965,313.922,313.99,313.462
311.321,311.299,311.353,311.274,311.219,311.035,310.867,311.369,311.169,311.143,311.167,311.11,311.098,310.851,310.643,311.811,311.559,311.594,311.613,311.562,311.587,311.17,311.085,312.594,312.365,312.358,312.351,312.316,312.347,312.081,311.873,313.299,313.169,313.166,313.246,313.332,313.25,312.751,312.757,314.414,314.251,314.117,314.091,314.069,313.948,313.984,313.617,315.064,315.186,315.086,314.935,314.815,314.764,314.825,314.29
312.107,312.09,312.135,312.055,312,311.806,311.637,312.165,311.955,311.936,311.95,311.896,311.882,311.633,311.431,312.621,312.366,312.402,312.411,312.362,312.381,311.949,311.863,313.408,313.184,313.185,313.169,313.141,313.16,312.892,312.665,314.145,314.003,314.011,314.079,314.165,314.08,313.567,313.576,315.274,315.123,314.978,314.947,314.932,314.813,314.834,314.443,315.947,316.067,315.968,315.821,315.691,315.643,315.69,315.143
312.87,312.852,312.896,312.807,312.753,312.552,312.379,312.933,312.72,312.703,312.711,312.655,312.643,312.384,312.189,313.405,313.145,313.183,313.185,313.134,313.152,312.703,312.619,314.197,313.98,313.986,313.963,313.935,313.949,313.673,313.437,314.969,314.816,314.83,314.89,314.97,314.889,314.353,314.373,316.115,315.975,315.821,315.785,315.77,315.651,315.663,315.248,316.808,316.924,316.829,316.679,316.547,316.492,316.531,315.976
313.668,313.651,313.692,313.602,313.545,313.33,313.165,313.743,313.522,313.51,313.509,313.453,313.44,313.171,312.982,314.227,313.959,314.003,314,313.947,313.963,313.5,313.422,315.03,314.815,314.828,314.797,314.764,314.775,314.495,314.246,315.838,315.666,315.688,315.736,315.814,315.739,315.192,315.212,317.002,316.867,316.71,316.663,316.647,316.535,316.535,316.091,317.712,317.823,317.731,317.578,317.441,317.386,317.418,316.854
314.505,314.481,314.526,314.438,314.372,314.147,313.987,314.593,314.366,314.354,314.345,314.29,314.274,313.991,313.804,315.085,314.812,314.861,314.852,314.8,314.811,314.333,314.263,315.91,315.687,315.707,315.678,315.625,315.649,315.351,315.092,316.744,316.562,316.584,316.625,316.705,316.623,316.075,316.093,317.936,317.8,317.643,317.588,317.566,317.45,317.45,316.974,318.656,318.766,318.68,318.519,318.38,318.324,318.352,317.771
315.303,315.275,315.312,315.23,315.161,314.923,314.768,315.398,315.165,315.158,315.136,315.087,315.068,314.769,314.573,315.895,315.621,315.679,315.661,315.611,315.617,315.129,315.06,316.752,316.519,316.553,316.52,316.456,316.475,316.163,315.89,317.614,317.421,317.444,317.479,317.559,317.467,316.924,316.929,318.829,318.684,318.536,318.473,318.442,318.323,318.318,317.814,319.559,319.671,319.595,319.42,319.283,319.223,319.25,318.651
315.986,315.944,315.989,315.902,315.828,315.581,315.432,316.084,315.845,315.843,315.811,315.768,315.744,315.43,315.228,316.592,316.317,316.376,316.35,316.305,316.312,315.813,315.744,317.478,317.237,317.279,317.244,317.172,317.187,316.849,316.571,318.37,318.164,318.187,318.213,318.296,318.196,317.66,317.649,319.609,319.445,319.315,319.248,319.204,319.084,319.068,318.544,320.349,320.465,320.389,320.207,320.07,320.001,320.029,319.416
316.679,316.63,316.678,316.59,316.516,316.255,316.111,316.78,316.532,316.54,316.494,316.46,316.433,316.108,315.892,317.305,317.03,317.089,317.051,317.013,317.02,316.515,316.443,318.222,317.969,318.019,317.98,317.904,317.919,317.548,317.265,319.135,318.919,318.945,318.97,319.052,318.943,318.423,318.388,320.405,320.224,320.108,320.042,319.984,319.866,319.839,319.291,321.156,321.274,321.202,321.018,320.877,320.799,320.823,320.196
317.432,317.376,317.435,317.343,317.261,316.991,316.852,317.536,317.28,317.291,317.245,317.21,317.181,316.845,316.618,318.081,317.808,317.856,317.817,317.784,317.79,317.279,317.197,319.028,318.766,318.815,318.78,318.7,318.714,318.307,318.023,319.957,319.741,319.762,319.789,319.87,319.753,319.243,319.185,321.264,321.068,320.958,320.897,320.828,320.714,320.671,320.107,322.022,322.148,322.078,321.887,321.743,321.661,321.684,321.038
318.213,318.156,318.215,318.125,318.037,317.751,317.623,318.325,318.06,318.079,318.026,317.992,317.965,317.612,317.384,318.89,318.61,318.658,318.615,318.586,318.593,318.077,317.979,319.861,319.587,319.646,319.602,319.523,319.534,319.102,318.806,320.812,320.592,320.609,320.632,320.717,320.593,320.089,320.012,322.153,321.948,321.842,321.783,321.709,321.59,321.54,320.961,322.926,323.055,322.991,322.79,322.637,322.562,322.573,321.92
319.021,318.956,319.02,318.933,318.839,318.537,318.414,319.142,318.87,318.887,318.829,318.793,318.77,318.401,318.181,319.726,319.435,319.487,319.439,319.407,319.414,318.9,318.783,320.722,320.439,320.498,320.45,320.369,320.38,319.926,319.625,321.693,321.471,321.483,321.504,321.59,321.456,320.959,320.866,323.076,322.861,322.757,322.701,322.618,322.489,322.429,321.847,323.856,323.992,323.93,323.72,323.562,323.486,323.49,322.839
319.849,319.79,319.849,319.764,319.666,319.351,319.233,319.986,319.698,319.723,319.656,319.62,319.599,319.218,318.998,320.59,320.287,320.334,320.286,320.25,320.255,319.748,319.61,321.613,321.312,321.383,321.326,321.244,321.248,320.78,320.47,322.608,322.377,322.39,322.401,322.486,322.347,321.857,321.746,324.02,323.792,323.692,323.634,323.55,323.412,323.336,322.756,324.815,324.954,324.896,324.673,324.511,324.433,324.428,323.783
320.719,320.663,320.722,320.639,320.534,320.208,320.097,320.873,320.571,320.597,320.53,320.491,320.47,320.076,319.858,321.495,321.183,321.222,321.18,321.137,321.139,320.637,320.476,322.547,322.238,322.303,322.243,322.163,322.162,321.68,321.357,323.569,323.328,323.344,323.336,323.422,323.279,322.796,322.666,325.006,324.773,324.674,324.618,324.529,324.383,324.29,323.704,325.825,325.969,325.903,325.676,325.507,325.431,325.411,324.772
321.672,321.621,321.671,321.592,321.479,321.142,321.037,321.838,321.525,321.55,321.473,321.438,321.419,321.008,320.797,322.482,322.164,322.199,322.145,322.101,322.099,321.599,321.424,323.562,323.246,323.309,323.241,323.167,323.153,322.66,322.326,324.611,324.361,324.378,324.361,324.444,324.287,323.812,323.665,326.074,325.842,325.743,325.681,325.588,325.441,325.325,324.725,326.921,327.068,326.986,326.769,326.584,326.508,326.469,325.837
322.69,322.641,322.691,322.608,322.49,322.152,322.043,322.864,322.543,322.568,322.487,322.454,322.435,322.01,321.802,323.533,323.21,323.238,323.178,323.133,323.13,322.631,322.443,324.638,324.32,324.379,324.31,324.229,324.21,323.712,323.376,325.723,325.461,325.48,325.459,325.532,325.363,324.896,324.74,327.217,326.983,326.883,326.813,326.714,326.561,326.427,325.815,328.09,328.242,328.14,327.932,327.736,327.655,327.591,326.968
323.714,323.673,323.714,323.628,323.506,323.17,323.058,323.9,323.573,323.599,323.507,323.481,323.456,323.022,322.813,324.593,324.262,324.295,324.222,324.179,324.171,323.677,323.468,325.721,325.402,325.458,325.387,325.3,325.273,324.776,324.433,326.839,326.568,326.594,326.566,326.632,326.453,325.989,325.816,328.382,328.133,328.038,327.96,327.855,327.697,327.542,326.916,329.279,329.427,329.309,329.105,328.897,328.818,328.725,328.108
324.818,324.777,324.821,324.729,324.603,324.268,324.149,325.023,324.683,324.711,324.614,324.586,324.555,324.116,323.902,325.738,325.398,325.429,325.345,325.301,325.291,324.801,324.57,326.887,326.568,326.619,326.546,326.453,326.423,325.917,325.576,328.042,327.764,327.787,327.759,327.813,327.621,327.161,326.97,329.628,329.369,329.282,329.2,329.079,328.914,328.738,328.105,330.559,330.701,330.568,330.364,330.145,330.061,329.949,329.322
325.988,325.95,325.991,325.897,325.765,325.431,325.303,326.212,325.858,325.889,325.786,325.758,325.723,325.279,325.048,326.95,326.597,326.629,326.531,326.491,326.474,325.989,325.739,328.121,327.798,327.855,327.77,327.672,327.642,327.13,326.785,329.32,329.032,329.056,329.026,329.064,328.862,328.402,328.196,330.938,330.671,330.592,330.509,330.374,330.204,330.006,329.361,331.918,332.04,331.902,331.694,331.47,331.38,331.247,330.603
327.111,327.066,327.111,327.01,326.868,326.546,326.406,327.349,326.983,327.017,326.912,326.878,326.833,326.393,326.144,328.108,327.744,327.777,327.671,327.625,327.604,327.122,326.858,329.312,328.982,329.039,328.948,328.837,328.81,328.293,327.946,330.547,330.254,330.268,330.236,330.264,330.052,329.59,329.375,332.206,331.934,331.858,331.778,331.619,331.436,331.226,330.575,333.237,333.335,333.192,332.981,332.743,332.65,332.499,331.83
328.228,328.187,328.228,328.124,327.97,327.659,327.508,328.485,328.102,328.14,328.023,327.994,327.943,327.504,327.236,329.264,328.894,328.926,328.802,328.758,328.729,328.24,327.974,330.505,330.165,330.226,330.124,330.004,329.979,329.452,329.1,331.775,331.478,331.486,331.455,331.47,331.244,330.783,330.553,333.481,333.202,333.128,333.05,332.867,332.671,332.447,331.794,334.55,334.62,334.473,334.272,334.023,333.917,333.743,333.059
329.419,329.372,329.418,329.303,329.143,328.84,328.678,329.675,329.288,329.328,329.209,329.18,329.116,328.683,328.392,330.477,330.113,330.143,330.011,329.959,329.928,329.421,329.162,331.774,331.421,331.48,331.371,331.239,331.22,330.683,330.321,333.072,332.772,332.779,332.747,332.747,332.51,332.033,331.803,334.839,334.549,334.474,334.399,334.188,333.979,333.731,333.086,335.931,335.982,335.823,335.637,335.378,335.257,335.063,334.362
330.711,330.671,330.712,330.591,330.419,330.123,329.949,330.978,330.588,330.632,330.502,330.473,330.401,329.973,329.662,331.8,331.444,331.474,331.336,331.279,331.239,330.711,330.463,333.152,332.783,332.85,332.727,332.587,332.567,332.023,331.649,334.481,334.176,334.184,334.15,334.134,333.893,333.391,333.161,336.314,335.999,335.934,335.859,335.622,335.406,335.135,334.492,337.418,337.454,337.286,337.114,336.843,336.712,336.492,335.772
331.994,331.949,331.99,331.864,331.68,331.389,331.203,332.267,331.873,331.916,331.783,331.746,331.669,331.245,330.915,333.109,332.765,332.79,332.643,332.579,332.535,331.985,331.751,334.518,334.136,334.194,334.075,333.924,333.902,333.347,332.966,335.879,335.572,335.58,335.535,335.508,335.261,334.731,334.504,337.777,337.439,337.383,337.298,337.049,336.822,336.521,335.885,338.894,338.92,338.742,338.591,338.301,338.161,337.919,337.178
333.32,333.277,333.312,333.181,332.994,332.703,332.507,333.599,333.205,333.244,333.108,333.062,332.983,332.565,332.218,334.471,334.124,334.144,333.997,333.929,333.874,333.311,333.084,335.939,335.533,335.586,335.473,335.312,335.284,334.724,334.332,337.331,337.009,337.025,336.969,336.929,336.672,336.133,335.898,339.292,338.92,338.873,338.772,338.525,338.288,337.954,337.317,340.423,340.433,340.247,340.118,339.815,339.663,339.404,338.637
334.59,334.543,334.578,334.436,334.246,333.956,333.744,334.873,334.485,334.518,334.382,334.318,334.24,333.82,333.458,335.774,335.422,335.442,335.294,335.216,335.157,334.577,334.354,337.302,336.874,336.93,336.813,336.646,336.61,336.042,335.636,338.73,338.399,338.412,338.348,338.295,338.027,337.478,337.235,340.755,340.343,340.311,340.197,339.953,339.7,339.33,338.693,341.906,341.902,341.706,341.593,341.29,341.111,340.836,340.04
335.761,335.715,335.746,335.598,335.406,335.116,334.883,336.048,335.664,335.691,335.552,335.477,335.396,334.975,334.601,336.986,336.626,336.649,336.492,336.414,336.34,335.75,335.533,338.573,338.112,338.182,338.066,337.893,337.84,337.262,336.844,340.045,339.697,339.712,339.639,339.574,339.292,338.73,338.48,342.124,341.674,341.653,341.532,341.29,341.024,340.622,339.979,343.304,343.281,343.077,342.972,342.674,342.469,342.172,341.358
336.848,336.794,336.828,336.672,336.474,336.185,335.93,337.134,336.758,336.775,336.633,336.552,336.463,336.036,335.656,338.107,337.738,337.769,337.605,337.523,337.433,336.831,336.624,339.752,339.265,339.345,339.236,339.052,338.982,338.387,337.964,341.272,340.918,340.928,340.841,340.77,340.47,339.896,339.643,343.406,342.922,342.914,342.787,342.546,342.268,341.828,341.179,344.624,344.576,344.364,344.259,343.976,343.745,343.424,342.585
337.912,337.862,337.893,337.73,337.533,337.24,336.965,338.211,337.832,337.848,337.701,337.619,337.523,337.088,336.702,339.219,338.832,338.876,338.704,338.617,338.518,337.901,337.701,340.919,340.404,340.493,340.39,340.201,340.111,339.496,339.066,342.483,342.122,342.135,342.022,341.948,341.638,341.05,340.792,344.674,344.163,344.165,344.035,343.792,343.505,343.034,342.372,345.934,345.864,345.643,345.526,345.265,345.004,344.663,343.793
339.019,338.964,338.994,338.829,338.626,338.33,338.037,339.327,338.944,338.959,338.81,338.724,338.619,338.172,337.788,340.372,339.964,340.023,339.843,339.747,339.642,339.006,338.811,342.122,341.581,341.67,341.581,341.381,341.277,340.637,340.208,343.732,343.363,343.378,343.244,343.162,342.847,342.24,341.981,345.982,345.451,345.458,345.329,345.08,344.776,344.278,343.603,347.284,347.196,346.964,346.838,346.6,346.316,345.951,345.044
340.205,340.15,340.17,340.004,339.798,339.498,339.188,340.521,340.127,340.143,339.995,339.907,339.792,339.328,338.957,341.606,341.173,341.239,341.057,340.953,340.839,340.19,339.996,343.402,342.833,342.922,342.844,342.638,342.522,341.854,341.431,345.067,344.677,344.696,344.542,344.452,344.141,343.51,343.249,347.369,346.814,346.824,346.698,346.439,346.125,345.602,344.911,348.718,348.609,348.366,348.231,348.009,347.716,347.309,346.384
341.425,341.367,341.383,341.212,341.006,340.696,340.375,341.748,341.343,341.358,341.217,341.116,340.998,340.517,340.155,342.869,342.417,342.49,342.309,342.194,342.068,341.407,341.207,344.717,344.129,344.207,344.143,343.929,343.803,343.109,342.691,346.431,346.024,346.047,345.879,345.776,345.47,344.815,344.559,348.787,348.217,348.227,348.105,347.831,347.515,346.952,346.254,350.19,350.058,349.803,349.668,349.455,349.161,348.708,347.763
342.714,342.661,342.665,342.491,342.288,341.966,341.639,343.049,342.625,342.643,342.504,342.395,342.276,341.778,341.424,344.206,343.734,343.814,343.624,343.504,343.363,342.701,342.492,346.104,345.499,345.573,345.509,345.294,345.158,344.44,344.024,347.873,347.443,347.471,347.298,347.182,346.877,346.199,345.942,350.287,349.698,349.697,349.583,349.29,348.986,348.385,347.668,351.742,351.584,351.322,351.182,350.971,350.68,350.177,349.226
344.134,344.079,344.08,343.904,343.697,343.366,343.031,344.479,344.035,344.056,343.922,343.805,343.683,343.16,342.818,345.667,345.184,345.264,345.076,344.939,344.795,344.129,343.904,347.621,347.008,347.072,347.001,346.792,346.653,345.907,345.483,349.442,348.994,349.025,348.85,348.728,348.417,347.713,347.452,351.919,351.322,351.295,351.196,350.876,350.593,349.95,349.225,353.428,353.242,352.975,352.834,352.619,352.334,351.781,350.822
345.533,345.478,345.466,345.286,345.076,344.733,344.399,345.891,345.424,345.452,345.32,345.199,345.073,344.526,344.198,347.11,346.615,346.692,346.504,346.358,346.209,345.543,345.298,349.118,348.497,348.555,348.471,348.267,348.129,347.354,346.918,350.994,350.527,350.56,350.381,350.259,349.937,349.208,348.944,353.538,352.933,352.877,352.784,352.442,352.183,351.503,350.767,355.098,354.881,354.604,354.471,354.239,353.966,353.356,352.401
346.868,346.8,346.79,346.601,346.388,346.031,345.702,347.234,346.759,346.786,346.652,346.525,346.395,345.828,345.511,348.488,347.985,348.048,347.872,347.712,347.56,346.892,346.628,350.553,349.92,349.975,349.879,349.673,349.537,348.744,348.294,352.485,352.001,352.02,351.852,351.722,351.391,350.638,350.386,355.095,354.483,354.393,354.31,353.944,353.705,352.999,352.247,356.706,356.462,356.176,356.049,355.793,355.53,354.875,353.917
348.187,348.115,348.098,347.904,347.693,347.317,346.997,348.566,348.072,348.103,347.967,347.84,347.706,347.119,346.814,349.854,349.336,349.395,349.223,349.056,348.9,348.232,347.953,351.98,351.327,351.382,351.274,351.066,350.935,350.127,349.661,353.968,353.466,353.471,353.31,353.173,352.837,352.057,351.822,356.649,356.025,355.903,355.818,355.443,355.211,354.496,353.726,358.307,358.032,357.736,357.616,357.337,357.085,356.391,355.432
349.495,349.415,349.394,349.193,348.979,348.592,348.284,349.883,349.375,349.404,349.27,349.134,349,348.395,348.102,351.203,350.679,350.727,350.561,350.386,350.229,349.553,349.26,353.397,352.722,352.781,352.657,352.445,352.317,351.502,351.022,355.443,354.927,354.91,354.756,354.607,354.268,353.463,353.253,358.188,357.553,357.411,357.322,356.939,356.701,355.987,355.187,359.897,359.601,359.284,359.177,358.88,358.625,357.913,356.935
350.899,350.816,350.781,350.58,350.362,349.961,349.665,351.294,350.775,350.792,350.658,350.524,350.386,349.764,349.471,352.652,352.107,352.161,351.983,351.811,351.649,350.971,350.667,354.908,354.205,354.274,354.135,353.915,353.785,352.973,352.483,357.014,356.481,356.45,356.295,356.133,355.794,354.972,354.782,359.831,359.181,359.022,358.921,358.541,358.285,357.57,356.74,361.586,361.276,360.928,360.833,360.527,360.26,359.533,358.536
352.281,352.189,352.147,351.95,351.72,351.306,351.023,352.679,352.151,352.157,352.022,351.881,351.736,351.104,350.819,354.076,353.515,353.571,353.379,353.207,353.04,352.361,352.055,356.403,355.668,355.745,355.598,355.36,355.225,354.417,353.925,358.56,358.014,357.969,357.805,357.633,357.285,356.464,356.29,361.454,360.792,360.618,360.507,360.127,359.852,359.129,358.283,363.256,362.941,362.551,362.473,362.162,361.875,361.137,360.122
353.626,353.53,353.48,353.29,353.05,352.614,352.348,354.037,353.486,353.486,353.352,353.21,353.056,352.412,352.141,355.473,354.879,354.952,354.739,354.572,354.395,353.72,353.412,357.866,357.098,357.178,357.026,356.772,356.636,355.829,355.329,360.082,359.512,359.463,359.284,359.106,358.746,357.928,357.757,363.049,362.372,362.184,362.059,361.688,361.397,360.659,359.793,364.902,364.578,364.152,364.08,363.767,363.459,362.708,361.678
355.012,354.916,354.857,354.671,354.42,353.962,353.709,355.437,354.868,354.862,354.73,354.581,354.417,353.763,353.503,356.91,356.296,356.374,356.15,355.977,355.793,355.123,354.803,359.372,358.57,358.651,358.506,358.231,358.092,357.275,356.766,361.643,361.054,361.001,360.811,360.62,360.246,359.44,359.253,364.689,363.998,363.799,363.665,363.295,362.993,362.228,361.344,366.594,366.263,365.804,365.736,365.421,365.097,364.328,363.278
356.467,356.376,356.301,356.119,355.857,355.378,355.137,356.904,356.319,356.31,356.179,356.024,355.848,355.186,354.935,358.418,357.781,357.866,357.626,357.455,357.258,356.595,356.264,360.941,360.113,360.192,360.05,359.772,359.616,358.785,358.262,363.28,362.665,362.612,362.409,362.209,361.822,361.032,360.816,366.402,365.689,365.482,365.335,364.975,364.656,363.862,362.965,368.358,368.013,367.539,367.461,367.151,366.816,366.02,364.946
357.884,357.794,357.706,357.524,357.249,356.76,356.525,358.332,357.736,357.719,357.594,357.43,357.237,356.566,356.326,359.884,359.235,359.315,359.072,358.892,358.685,358.031,357.682,362.471,361.626,361.69,361.561,361.277,361.103,360.254,359.717,364.874,364.245,364.187,363.973,363.767,363.365,362.594,362.343,368.075,367.343,367.132,366.977,366.613,366.283,365.456,364.557,370.087,369.73,369.246,369.156,368.843,368.504,367.679,366.596
359.212,359.133,359.028,358.847,358.558,358.061,357.832,359.673,359.067,359.044,358.919,358.754,358.542,357.875,357.624,361.267,360.604,360.679,360.433,360.244,360.029,359.381,359.018,363.917,363.054,363.11,362.981,362.699,362.51,361.644,361.096,366.384,365.734,365.678,365.456,365.248,364.833,364.074,363.795,369.667,368.914,368.699,368.53,368.161,367.822,366.974,366.072,371.738,371.365,370.875,370.763,370.456,370.11,369.249,368.171
360.683,360.608,360.496,360.308,360.006,359.508,359.272,361.154,360.538,360.509,360.384,360.22,359.988,359.325,359.054,362.783,362.12,362.181,361.938,361.738,361.512,360.873,360.49,365.502,364.628,364.668,364.544,364.259,364.059,363.172,362.622,368.027,367.365,367.307,367.086,366.875,366.446,365.687,365.382,371.394,370.632,370.416,370.236,369.849,369.502,368.633,367.738,373.534,373.148,372.651,372.517,372.214,371.854,370.96,369.894
